index,ID,stereo,satellite,satellite location,request location,time,area,strips,duration,distance,angle,sun elevation,cloud cover estimate,priority,priority mod,customer type mod,price,waiting time,uncertainty,cloud cover real,score_scenario,score_method,score_alpha
0,0127,0,0,"[58.672636366730174, 10.48696231483721]","[np.float64(55.64321798038925), np.float64(12.16354832122793)]",2025-11-21 10:12:20,514.5248103633304,1,3.1792204244224944,351.673665287998,26.872900544853746,13.806859430739241,2,1,1,1,1461,8,0.06736111111111111,1.5284722222222222,0.4679245283018868,ELECTRE-III,1
1,0127,0,0,"[58.08687934350988, 10.130973709069792]","[np.float64(55.64321798038925), np.float64(12.16354832122793)]",2025-11-21 10:12:30,514.5248103633304,1,3.1792204244224944,298.4563116142597,23.270234799868454,13.811235020676282,0,1,1,1,1461,8,0.06770833333333333,0.0,0.4679245283018868,ELECTRE-III,1
2,0127,0,0,"[57.50037782967006, 9.785145863466415]","[np.float64(55.64321798038925), np.float64(12.16354832122793)]",2025-11-21 10:12:40,514.5248103633304,1,3.1792204244224944,252.6948270212487,20.0072522029004,13.815595242687689,0,1,1,1,1461,8,0.06805555555555555,0.0,0.4679245283018868,ELECTRE-III,1
3,0127,0,0,"[56.91317280634572, 9.448946023271816]","[np.float64(55.64321798038925), np.float64(12.16354832122793)]",2025-11-21 10:12:50,514.5248103633304,1,3.1792204244224944,219.112044243243,17.52212620533986,13.81993838922617,0,1,1,1,1461,8,0.06840277777777778,0.47881944444444446,0.4679245283018868,ELECTRE-III,1
4,0127,0,0,"[56.325295009388135, 9.121875584676586]","[np.float64(55.64321798038925), np.float64(12.16354832122793)]",2025-11-21 10:13:00,514.5248103633304,1,3.1792204244224944,203.81967089086928,16.36689580227032,13.824266167839019,4,1,1,1,1461,8,0.06875,4.06875,0.4679245283018868,ELECTRE-III,1
5,0083,0,0,"[55.736788835026914, 8.80346838726987]","[np.float64(52.56086921316749), np.float64(10.02700097620163)]",2025-11-21 10:13:10,417.64182187177,1,6.509395922260685,362.0092898039844,27.547771250411298,16.580402030969136,0,1,1,1,1398,11,0.06909722222222223,0.0,0.8528301886792453,ELECTRE-III,1
6,0127,0,0,"[55.736788835026914, 8.80346838726987]","[np.float64(55.64321798038925), np.float64(12.16354832122793)]",2025-11-21 10:13:10,514.5248103633304,1,3.1792204244224944,210.8370325634236,16.898768835042908,13.82857772475259,0,1,1,1,1461,8,0.06909722222222223,0.20729166666666668,0.4679245283018868,ELECTRE-III,1
7,0083,0,0,"[55.14768160401873, 8.493288152718435]","[np.float64(52.56086921316749), np.float64(10.02700097620163)]",2025-11-21 10:13:20,417.64182187177,1,6.509395922260685,304.7035705431606,23.704074843525596,16.58599937099396,2,1,1,1,1398,11,0.06944444444444445,2.2083333333333335,0.8528301886792453,ELECTRE-III,1
8,0125,0,0,"[55.14768160401873, 8.493288152718435]","[np.float64(51.79838485479233), np.float64(7.007195754073346)]",2025-11-21 10:13:20,974.2804898316873,2,2.6969132005080283,385.17022479197993,29.030288870705732,16.864981862737718,1,4,4,3,1293,4,0.06944444444444445,0.7916666666666666,0.1320754716981132,ELECTRE-III,1
9,0126,0,0,"[55.14768160401873, 8.493288152718435]","[np.float64(52.00787857002857), np.float64(7.13592130906005)]",2025-11-21 10:13:20,242.4525034527799,1,4.578268277974335,360.4295152281816,27.445148451541975,16.685528887579387,0,2,2,2,1397,10,0.06944444444444445,0.3472222222222222,0.6339622641509434,ELECTRE-III,1
10,0127,0,0,"[55.14768160401873, 8.493288152718435]","[np.float64(55.64321798038925), np.float64(12.16354832122793)]",2025-11-21 10:13:20,514.5248103633304,1,3.1792204244224944,238.20073284907264,18.943692737484977,13.832873059966882,0,1,1,1,1461,8,0.06944444444444445,0.2777777777777778,0.4679245283018868,ELECTRE-III,1
11,003,0,0,"[54.55800405221485, 8.190927630993018]","[np.float64(51.23999565447085), np.float64(7.31328020746024)]",2025-11-21 10:13:30,65.50907265624426,1,6.589296243118523,373.60503115981805,28.295169602361486,17.4591690469411,0,4,4,3,843,7,0.06979166666666667,0.13958333333333334,0.39245283018867927,ELECTRE-III,1
12,0083,0,0,"[54.55800405221485, 8.190927630993018]","[np.float64(52.56086921316749), np.float64(10.02700097620163)]",2025-11-21 10:13:30,417.64182187177,1,6.509395922260685,253.00537895824527,20.02988647423295,16.591579635545862,3,1,1,1,1398,11,0.06979166666666667,3.279166666666667,0.8528301886792453,ELECTRE-III,1
13,0125,0,0,"[54.55800405221485, 8.190927630993018]","[np.float64(51.79838485479233), np.float64(7.007195754073346)]",2025-11-21 10:13:30,974.2804898316873,2,2.6969132005080283,316.82168962408736,24.537428049940985,16.87195377833301,0,4,4,3,1293,4,0.06979166666666667,0.0,0.1320754716981132,ELECTRE-III,1
14,0126,0,0,"[54.55800405221485, 8.190927630993018]","[np.float64(52.00787857002857), np.float64(7.13592130906005)]",2025-11-21 10:13:30,242.4525034527799,1,4.578268277974335,292.09741161615693,22.825721390895563,16.692406888073588,3,2,2,2,1397,10,0.06979166666666667,2.302083333333333,0.6339622641509434,ELECTRE-III,1
15,0127,0,0,"[54.55800405221485, 8.190927630993018]","[np.float64(55.64321798038925), np.float64(12.16354832122793)]",2025-11-21 10:13:30,514.5248103633304,1,3.1792204244224944,280.0083727076882,21.972611232757362,13.83715302725554,2,1,1,1,1461,8,0.06979166666666667,2.0,0.4679245283018868,ELECTRE-III,1
16,003,0,0,"[53.96778691546653, 7.896003477726452]","[np.float64(51.23999565447085), np.float64(7.31328020746024)]",2025-11-21 10:13:40,65.50907265624426,1,6.589296243118523,305.85612061475797,23.783801050359603,17.466103396495953,0,4,4,3,843,7,0.07013888888888889,0.42083333333333334,0.39245283018867927,ELECTRE-III,1
17,0083,0,0,"[53.96778691546653, 7.896003477726452]","[np.float64(52.56086921316749), np.float64(10.02700097620163)]",2025-11-21 10:13:40,417.64182187177,1,6.509395922260685,211.07697593066473,16.916902703955714,16.597142824624836,2,1,1,1,1398,11,0.07013888888888889,1.4388888888888889,0.8528301886792453,ELECTRE-III,1
18,0125,0,0,"[53.96778691546653, 7.896003477726452]","[np.float64(51.79838485479233), np.float64(7.007195754073346)]",2025-11-21 10:13:40,974.2804898316873,2,2.6969132005080283,248.48440089792564,19.699738445154463,16.878906910908082,0,4,4,3,1293,4,0.07013888888888889,0.0,0.1320754716981132,ELECTRE-III,1
19,0126,0,0,"[53.96778691546653, 7.896003477726452]","[np.float64(52.00787857002857), np.float64(7.13592130906005)]",2025-11-21 10:13:40,242.4525034527799,1,4.578268277974335,223.78876500400781,17.872549464717743,16.699267813094867,0,2,2,2,1397,10,0.07013888888888889,0.0,0.6339622641509434,ELECTRE-III,1
20,0127,0,0,"[53.96778691546653, 7.896003477726452]","[np.float64(55.64321798038925), np.float64(12.16354832122793)]",2025-11-21 10:13:40,514.5248103633304,1,3.1792204244224944,330.82884260702815,25.487073290554175,13.841415919071276,1,1,1,1,1461,8,0.07013888888888889,0.8597222222222223,0.4679245283018868,ELECTRE-III,1
21,003,0,0,"[53.37705751453047, 7.608157107987312]","[np.float64(51.23999565447085), np.float64(7.31328020746024)]",2025-11-21 10:13:50,65.50907265624426,1,6.589296243118523,238.47432047263294,18.96389688845683,17.4730172554833,1,4,4,3,843,7,0.07048611111111111,0.8590277777777777,0.39245283018867927,ELECTRE-III,1
22,0083,0,0,"[53.37705751453047, 7.608157107987312]","[np.float64(52.56086921316749), np.float64(10.02700097620163)]",2025-11-21 10:13:50,417.64182187177,1,6.509395922260685,185.66039693146595,14.977170774956264,16.602687230683596,2,1,1,1,1398,11,0.07048611111111111,2.0704861111111112,0.8528301886792453,ELECTRE-III,1
23,0125,0,0,"[53.37705751453047, 7.608157107987312]","[np.float64(51.79838485479233), np.float64(7.007195754073346)]",2025-11-21 10:13:50,974.2804898316873,2,2.6969132005080283,180.1724612758291,14.55352517306465,16.88584467555752,0,4,4,3,1293,4,0.07048611111111111,0.0,0.1320754716981132,ELECTRE-III,1
24,0126,0,0,"[53.37705751453047, 7.608157107987312]","[np.float64(52.00787857002857), np.float64(7.13592130906005)]",2025-11-21 10:13:50,242.4525034527799,1,4.578268277974335,155.5359630540221,12.632122956981751,16.70611166264322,1,2,2,2,1397,10,0.07048611111111111,0.5770833333333334,0.6339622641509434,ELECTRE-III,1
25,0127,0,0,"[53.37705751453047, 7.608157107987312]","[np.float64(55.64321798038925), np.float64(12.16354832122793)]",2025-11-21 10:13:50,514.5248103633304,1,3.1792204244224944,387.1289000615725,29.15376670497392,13.845663442961376,0,1,1,1,1461,8,0.07048611111111111,0.07048611111111111,0.4679245283018868,ELECTRE-III,1
26,003,0,0,"[52.78583633997417, 7.327051281185328]","[np.float64(51.23999565447085), np.float64(7.31328020746024)]",2025-11-21 10:14:00,65.50907265624426,1,6.589296243118523,171.89246730665442,13.911266463229943,17.47991574654501,2,4,4,3,843,7,0.07083333333333333,1.4333333333333333,0.39245283018867927,ELECTRE-III,1
27,0083,0,0,"[52.78583633997417, 7.327051281185328]","[np.float64(52.56086921316749), np.float64(10.02700097620163)]",2025-11-21 10:14:00,417.64182187177,1,6.509395922260685,183.74100463070528,14.829189716033923,16.60821626881672,0,1,1,1,1398,11,0.07083333333333333,0.0,0.8528301886792453,ELECTRE-III,1
28,0125,0,0,"[52.78583633997417, 7.327051281185328]","[np.float64(51.79838485479233), np.float64(7.007195754073346)]",2025-11-21 10:14:00,974.2804898316873,2,2.6969132005080283,111.93362306008534,9.16219731460798,16.892763657186745,0,4,4,3,1293,4,0.07083333333333333,0.2833333333333333,0.1320754716981132,ELECTRE-III,1
29,0126,0,0,"[52.78583633997417, 7.327051281185328]","[np.float64(52.00787857002857), np.float64(7.13592130906005)]",2025-11-21 10:14:00,242.4525034527799,1,4.578268277974335,87.47163127394485,7.183669236437768,16.712936729171357,0,2,2,2,1397,10,0.07083333333333333,0.0,0.6339622641509434,ELECTRE-III,1
30,003,0,0,"[52.194150712554304, 7.052370101071388]","[np.float64(51.23999565447085), np.float64(7.31328020746024)]",2025-11-21 10:14:10,65.50907265624426,1,6.589296243118523,107.60890266602124,8.813869363141187,17.486795454586506,0,4,4,3,843,7,0.07118055555555555,0.21354166666666666,0.39245283018867927,ELECTRE-III,1
31,0076,0,0,"[52.194150712554304, 7.052370101071388]","[np.float64(49.11832800995569), np.float64(8.89064888647059)]",2025-11-21 10:14:10,237.1280562849896,1,5.863806596854088,365.7123171792225,27.78757106342992,19.788970478494544,1,3,3,3,975,8,0.07118055555555555,0.8576388888888888,0.4679245283018868,ELECTRE-III,1
32,0083,0,0,"[52.194150712554304, 7.052370101071388]","[np.float64(52.56086921316749), np.float64(10.02700097620163)]",2025-11-21 10:14:10,417.64182187177,1,6.509395922260685,205.97746985038705,16.530757373495522,16.61372652392963,4,1,1,1,1398,11,0.07118055555555555,3.9288194444444446,0.8528301886792453,ELECTRE-III,1
33,0125,0,0,"[52.194150712554304, 7.052370101071388]","[np.float64(51.79838485479233), np.float64(7.007195754073346)]",2025-11-21 10:14:10,974.2804898316873,2,2.6969132005080283,44.11576320952643,3.6372488332751822,16.899667270890333,0,4,4,3,1293,4,0.07118055555555555,0.0,0.1320754716981132,ELECTRE-III,1
34,0126,0,0,"[52.194150712554304, 7.052370101071388]","[np.float64(52.00787857002857), np.float64(7.13592130906005)]",2025-11-21 10:14:10,242.4525034527799,1,4.578268277974335,21.484362908771228,1.7731560709395457,16.71974642777386,0,2,2,2,1397,10,0.07118055555555555,0.640625,0.6339622641509434,ELECTRE-III,1
35,0148,1,0,"[52.194150712554304, 7.052370101071388]","[np.float64(50.94514176179118), np.float64(12.49247470997162)]",2025-11-21 10:14:10,820.6334839857649,1,7.768170800213682,400.70031514476625,30.001190585853333,18.49525239497138,0,1,1,1,920,6,0.07118055555555555,0.0,0.26037735849056604,ELECTRE-III,1
36,0202,0,0,"[52.194150712554304, 7.052370101071388]","[np.float64(49.18866442374592), np.float64(9.325408692768589)]",2025-11-21 10:14:10,46.860608642228364,1,4.556264620785571,370.52622256026785,28.097734288891374,19.788507733178275,1,3,3,3,1105,11,0.07118055555555555,0.7152777777777778,0.8528301886792453,ELECTRE-III,1
37,003,0,0,"[51.60202453793298, 6.783813893095657]","[np.float64(51.23999565447085), np.float64(7.31328020746024)]",2025-11-21 10:14:20,65.50907265624426,1,6.589296243118523,54.48281878873403,4.48882735523202,17.49365808715508,0,4,4,3,843,7,0.07152777777777777,0.14305555555555555,0.39245283018867927,ELECTRE-III,1
38,0076,0,0,"[51.60202453793298, 6.783813893095657]","[np.float64(49.11832800995569), np.float64(8.89064888647059)]",2025-11-21 10:14:20,237.1280562849896,1,5.863806596854088,313.9887339341067,24.343581284163776,19.795525752550464,1,3,3,3,975,8,0.07152777777777777,1.5722222222222222,0.4679245283018868,ELECTRE-III,1
39,0083,0,0,"[51.60202453793298, 6.783813893095657]","[np.float64(52.56086921316749), np.float64(10.02700097620163)]",2025-11-21 10:14:20,417.64182187177,1,6.509395922260685,245.90213061721585,19.510551433820954,16.61921970356961,0,1,1,1,1398,11,0.07152777777777777,0.0,0.8528301886792453,ELECTRE-III,1
40,0125,0,0,"[51.60202453793298, 6.783813893095657]","[np.float64(51.79838485479233), np.float64(7.007195754073346)]",2025-11-21 10:14:20,974.2804898316873,2,2.6969132005080283,26.715705323435643,2.2045269853899123,16.906552101573705,4,4,4,3,1293,4,0.07152777777777777,4.143055555555556,0.1320754716981132,ELECTRE-III,1
41,0126,0,0,"[51.60202453793298, 6.783813893095657]","[np.float64(52.00787857002857), np.float64(7.13592130906005)]",2025-11-21 10:14:20,242.4525034527799,1,4.578268277974335,51.212456447612425,4.220387389025835,16.726539050903437,3,2,2,2,1397,10,0.07152777777777777,2.642361111111111,0.6339622641509434,ELECTRE-III,1
42,0148,1,0,"[51.60202453793298, 6.783813893095657]","[np.float64(50.94514176179118), np.float64(12.49247470997162)]",2025-11-21 10:14:20,820.6334839857649,1,7.768170800213682,403.66780204930654,30.184590002009823,18.4999174141745,0,1,1,1,920,6,0.07152777777777777,0.0,0.26037735849056604,ELECTRE-III,1
43,0202,0,0,"[51.60202453793298, 6.783813893095657]","[np.float64(49.18866442374592), np.float64(9.325408692768589)]",2025-11-21 10:14:20,46.860608642228364,1,4.556264620785571,323.1765335980121,24.970088355270686,19.794852978917216,4,3,3,3,1105,11,0.07152777777777777,3.713888888888889,0.8528301886792453,ELECTRE-III,1
44,003,0,0,"[51.0094748915831, 6.521102619502164]","[np.float64(51.23999565447085), np.float64(7.31328020746024)]",2025-11-21 10:14:30,65.50907265624426,1,6.589296243118523,60.93810244449646,5.018103928505243,17.50050193670343,0,4,4,3,843,7,0.071875,0.0,0.39245283018867927,ELECTRE-III,1
45,0076,0,0,"[51.0094748915831, 6.521102619502164]","[np.float64(49.11832800995569), np.float64(8.89064888647059)]",2025-11-21 10:14:30,237.1280562849896,1,5.863806596854088,269.8365161378237,21.246749591759933,19.802062243586164,3,3,3,3,975,8,0.071875,3.646875,0.4679245283018868,ELECTRE-III,1
46,0083,0,0,"[51.0094748915831, 6.521102619502164]","[np.float64(52.56086921316749), np.float64(10.02700097620163)]",2025-11-21 10:14:30,417.64182187177,1,6.509395922260685,296.4530579476287,23.130515865574743,16.624695807736668,3,1,1,1,1398,11,0.071875,2.425,0.8528301886792453,ELECTRE-III,1
47,0125,0,0,"[51.0094748915831, 6.521102619502164]","[np.float64(51.79838485479233), np.float64(7.007195754073346)]",2025-11-21 10:14:30,974.2804898316873,2,2.6969132005080283,93.97947060870652,7.711917053872836,16.913419856784156,1,4,4,3,1293,4,0.071875,0.640625,0.1320754716981132,ELECTRE-III,1
48,0126,0,0,"[51.0094748915831, 6.521102619502164]","[np.float64(52.00787857002857), np.float64(7.13592130906005)]",2025-11-21 10:14:30,242.4525034527799,1,4.578268277974335,118.89125919707233,9.7211486988845,16.733312891012798,2,2,2,2,1397,10,0.071875,1.85625,0.6339622641509434,ELECTRE-III,1
49,0202,0,0,"[51.0094748915831, 6.521102619502164]","[np.float64(49.18866442374592), np.float64(9.325408692768589)]",2025-11-21 10:14:30,46.860608642228364,1,4.556264620785571,284.56846058813517,22.29564066302953,19.801181149183233,0,3,3,3,1105,11,0.071875,0.0,0.8528301886792453,ELECTRE-III,1
50,003,0,0,"[50.4165222640722, 6.263972037347394]","[np.float64(51.23999565447085), np.float64(7.31328020746024)]",2025-11-21 10:14:40,65.50907265624426,1,6.589296243118523,117.5386757217235,9.612629814898314,17.507330418326152,0,4,4,3,843,7,0.07222222222222222,0.0,0.39245283018867927,ELECTRE-III,1
51,0076,0,0,"[50.4165222640722, 6.263972037347394]","[np.float64(49.11832800995569), np.float64(8.89064888647059)]",2025-11-21 10:14:40,237.1280562849896,1,5.863806596854088,237.51681644840627,18.893164856700086,19.80857995160165,2,3,3,3,975,8,0.07222222222222222,2.2888888888888888,0.4679245283018868,ELECTRE-III,1
52,0083,0,0,"[50.4165222640722, 6.263972037347394]","[np.float64(52.56086921316749), np.float64(10.02700097620163)]",2025-11-21 10:14:40,417.64182187177,1,6.509395922260685,353.095733316477,26.96624001170102,16.6301548364308,0,1,1,1,1398,11,0.07222222222222222,0.0,0.8528301886792453,ELECTRE-III,1
53,0125,0,0,"[50.4165222640722, 6.263972037347394]","[np.float64(51.79838485479233), np.float64(7.007195754073346)]",2025-11-21 10:14:40,974.2804898316873,2,2.6969132005080283,162.17861894691836,13.153225681025909,16.920270536521677,0,4,4,3,1293,4,0.07222222222222222,0.4333333333333333,0.1320754716981132,ELECTRE-III,1
54,0126,0,0,"[50.4165222640722, 6.263972037347394]","[np.float64(52.00787857002857), np.float64(7.13592130906005)]",2025-11-21 10:14:40,242.4525034527799,1,4.578268277974335,187.08094912696478,15.086560912668773,16.740069655649233,0,2,2,2,1397,10,0.07222222222222222,0.6499999999999999,0.6339622641509434,ELECTRE-III,1
55,0202,0,0,"[50.4165222640722, 6.263972037347394]","[np.float64(49.18866442374592), np.float64(9.325408692768589)]",2025-11-21 10:14:40,46.860608642228364,1,4.556264620785571,258.6471117774995,20.439939712777853,19.80748882888174,1,3,3,3,1105,11,0.07222222222222222,0.3500000000000001,0.8528301886792453,ELECTRE-III,1
56,003,0,0,"[49.82318714596778, 6.012171990952997]","[np.float64(51.23999565447085), np.float64(7.31328020746024)]",2025-11-21 10:14:50,65.50907265624426,1,6.589296243118523,182.41268856770162,14.726660628749697,17.51413840938136,0,4,4,3,843,7,0.07256944444444445,0.4354166666666667,0.39245283018867927,ELECTRE-III,1
57,0076,0,0,"[49.82318714596778, 6.012171990952997]","[np.float64(49.11832800995569), np.float64(8.89064888647059)]",2025-11-21 10:14:50,237.1280562849896,1,5.863806596854088,222.25359719241825,17.75767137846316,19.815078876596917,0,3,3,3,975,8,0.07256944444444445,0.4354166666666667,0.4679245283018868,ELECTRE-III,1
58,0125,0,0,"[49.82318714596778, 6.012171990952997]","[np.float64(51.79838485479233), np.float64(7.007195754073346)]",2025-11-21 10:14:50,974.2804898316873,2,2.6969132005080283,230.4850902077335,18.371898818812554,16.927102433238982,2,4,4,3,1293,4,0.07256944444444445,2.435416666666667,0.1320754716981132,ELECTRE-III,1
59,0126,0,0,"[49.82318714596778, 6.012171990952997]","[np.float64(52.00787857002857), np.float64(7.13592130906005)]",2025-11-21 10:14:50,242.4525034527799,1,4.578268277974335,255.37326906935127,20.202253196112874,16.746809344812743,0,2,2,2,1397,10,0.07256944444444445,0.0,0.6339622641509434,ELECTRE-III,1
60,0202,0,0,"[49.82318714596778, 6.012171990952997]","[np.float64(49.18866442374592), np.float64(9.325408692768589)]",2025-11-21 10:14:50,46.860608642228364,1,4.556264620785571,249.4005798395368,19.766754097264776,19.81377772556003,0,3,3,3,1105,11,0.07256944444444445,0.0,0.8528301886792453,ELECTRE-III,1
61,0207,0,0,"[49.82318714596778, 6.012171990952997]","[np.float64(46.23470201402048), np.float64(4.87862046771545)]",2025-11-21 10:14:50,202.37950515379532,1,4.299972652357903,407.8146693370462,30.4397388847911,21.838244088004515,0,2,2,2,1447,3,0.07256944444444445,0.0,0.045283018867924525,ELECTRE-III,1
62,003,0,0,"[49.22948661274276, 5.765466838792606]","[np.float64(51.23999565447085), np.float64(7.31328020746024)]",2025-11-21 10:15:00,65.50907265624426,1,6.589296243118523,249.18052389693852,19.7506628187862,17.52093103251094,0,4,4,3,843,7,0.07291666666666667,0.0,0.39245283018867927,ELECTRE-III,1
63,0076,0,0,"[49.22948661274276, 5.765466838792606]","[np.float64(49.11832800995569), np.float64(8.89064888647059)]",2025-11-21 10:15:00,237.1280562849896,1,5.863806596854088,227.50632840518406,18.15012246637285,19.821557311024673,0,3,3,3,975,8,0.07291666666666667,0.07291666666666667,0.4679245283018868,ELECTRE-III,1
64,0125,0,0,"[49.22948661274276, 5.765466838792606]","[np.float64(51.79838485479233), np.float64(7.007195754073346)]",2025-11-21 10:15:00,974.2804898316873,2,2.6969132005080283,298.8259312873985,23.295982359947704,16.933918962030656,4,4,4,3,1293,4,0.07291666666666667,3.6354166666666665,0.1320754716981132,ELECTRE-III,1
65,0126,0,0,"[49.22948661274276, 5.765466838792606]","[np.float64(52.00787857002857), np.float64(7.13592130906005)]",2025-11-21 10:15:00,242.4525034527799,1,4.578268277974335,323.70384778420237,25.005854244374135,16.753531958503327,1,2,2,2,1397,10,0.07291666666666667,0.48958333333333326,0.6339622641509434,ELECTRE-III,1
66,0202,0,0,"[49.22948661274276, 5.765466838792606]","[np.float64(49.18866442374592), np.float64(9.325408692768589)]",2025-11-21 10:15:00,46.860608642228364,1,4.556264620785571,258.6237561114357,20.438246641154272,19.820049546765393,1,3,3,3,1105,11,0.07291666666666667,1.0,0.8528301886792453,ELECTRE-III,1
67,0207,0,0,"[49.22948661274276, 5.765466838792606]","[np.float64(46.23470201402048), np.float64(4.87862046771545)]",2025-11-21 10:15:00,202.37950515379532,1,4.299972652357903,339.53956206331605,26.07019596471862,21.84714894713492,2,2,2,2,1447,3,0.07291666666666667,2.4375,0.045283018867924525,ELECTRE-III,1
68,003,0,0,"[48.63543773987007, 5.5236345997181955]","[np.float64(51.23999565447085), np.float64(7.31328020746024)]",2025-11-21 10:15:10,65.50907265624426,1,6.589296243118523,316.64687812470476,24.525483728091764,17.527704872620298,0,4,4,3,843,7,0.07326388888888889,0.0,0.39245283018867927,ELECTRE-III,1
69,0076,0,0,"[48.63543773987007, 5.5236345997181955]","[np.float64(49.11832800995569), np.float64(8.89064888647059)]",2025-11-21 10:15:10,237.1280562849896,1,5.863806596854088,251.9954973789251,19.956258410624166,19.828018669979507,0,3,3,3,975,8,0.07326388888888889,0.0,0.4679245283018868,ELECTRE-III,1
70,0125,0,0,"[48.63543773987007, 5.5236345997181955]","[np.float64(51.79838485479233), np.float64(7.007195754073346)]",2025-11-21 10:15:10,974.2804898316873,2,2.6969132005080283,367.18236626432656,27.882476230910637,16.94071670780211,0,4,4,3,1293,4,0.07326388888888889,0.0,0.1320754716981132,ELECTRE-III,1
71,0126,0,0,"[48.63543773987007, 5.5236345997181955]","[np.float64(52.00787857002857), np.float64(7.13592130906005)]",2025-11-21 10:15:10,242.4525034527799,1,4.578268277974335,392.0530562841361,29.46288454051615,16.760237496720986,0,2,2,2,1397,10,0.07326388888888889,0.0,0.6339622641509434,ELECTRE-III,1
72,0202,0,0,"[48.63543773987007, 5.5236345997181955]","[np.float64(49.18866442374592), np.float64(9.325408692768589)]",2025-11-21 10:15:10,46.860608642228364,1,4.556264620785571,284.5262170660406,22.29265500519498,19.82630087740325,0,3,3,3,1105,11,0.07326388888888889,0.3663194444444445,0.8528301886792453,ELECTRE-III,1
73,0207,0,0,"[48.63543773987007, 5.5236345997181955]","[np.float64(46.23470201402048), np.float64(4.87862046771545)]",2025-11-21 10:15:10,202.37950515379532,1,4.299972652357903,271.3197657616401,21.353046795945353,21.856035023245106,0,2,2,2,1447,3,0.07326388888888889,0.659375,0.045283018867924525,ELECTRE-III,1
74,003,0,0,"[48.04105077263347, 5.286464391639142]","[np.float64(51.23999565447085), np.float64(7.31328020746024)]",2025-11-21 10:15:20,65.50907265624426,1,6.589296243118523,384.4451006723626,28.984500853599776,17.534459929709442,0,4,4,3,843,7,0.07361111111111111,0.5888888888888889,0.39245283018867927,ELECTRE-III,1
75,0076,0,0,"[48.04105077263347, 5.286464391639142]","[np.float64(49.11832800995569), np.float64(8.89064888647059)]",2025-11-21 10:15:20,237.1280562849896,1,5.863806596854088,290.9032565643888,22.7419183565935,19.83446124591412,4,3,3,3,975,8,0.07361111111111111,3.411111111111111,0.4679245283018868,ELECTRE-III,1
76,0202,0,0,"[48.04105077263347, 5.286464391639142]","[np.float64(49.18866442374592), np.float64(9.325408692768589)]",2025-11-21 10:15:20,46.860608642228364,1,4.556264620785571,323.12168871907414,24.966367223020274,19.832533425020884,0,3,3,3,1105,11,0.07361111111111111,0.6625,0.8528301886792453,ELECTRE-III,1
77,0207,0,0,"[48.04105077263347, 5.286464391639142]","[np.float64(46.23470201402048), np.float64(4.87862046771545)]",2025-11-21 10:15:20,202.37950515379532,1,4.299972652357903,203.21140077367556,16.32065433960158,21.864902316335076,1,2,2,2,1447,3,0.07361111111111111,1.6625,0.045283018867924525,ELECTRE-III,1
78,0076,0,0,"[47.44634961669504, 5.053756858409046]","[np.float64(49.11832800995569), np.float64(8.89064888647059)]",2025-11-21 10:15:30,237.1280562849896,1,5.863806596854088,339.3051269230526,26.054577284851437,19.840885038828517,3,3,3,3,975,8,0.07395833333333333,2.2604166666666665,0.4679245283018868,ELECTRE-III,1
79,0202,0,0,"[47.44634961669504, 5.053756858409046]","[np.float64(49.18866442374592), np.float64(9.325408692768589)]",2025-11-21 10:15:30,46.860608642228364,1,4.556264620785571,370.4638720135082,28.093728389148186,19.838747189618303,2,3,3,3,1105,11,0.07395833333333333,1.7041666666666666,0.8528301886792453,ELECTRE-III,1
80,0207,0,0,"[47.44634961669504, 5.053756858409046]","[np.float64(46.23470201402048), np.float64(4.87862046771545)]",2025-11-21 10:15:30,202.37950515379532,1,4.299972652357903,135.38608982862237,11.03867000986403,21.873749118857535,0,2,2,2,1447,3,0.07395833333333333,0.0,0.045283018867924525,ELECTRE-III,1
81,0076,0,0,"[46.851341102243964, 4.825323742938908]","[np.float64(49.11832800995569), np.float64(8.89064888647059)]",2025-11-21 10:15:40,237.1280562849896,1,5.863806596854088,393.7153820260386,29.566815563816917,19.847288341175403,0,3,3,3,975,8,0.07430555555555556,0.0,0.4679245283018868,ELECTRE-III,1
82,0207,0,0,"[46.851341102243964, 4.825323742938908]","[np.float64(46.23470201402048), np.float64(4.87862046771545)]",2025-11-21 10:15:40,202.37950515379532,1,4.299972652357903,68.68828393007404,5.652410619816377,21.88257713835978,3,2,2,2,1447,3,0.07430555555555556,3.520138888888889,0.045283018867924525,ELECTRE-III,1
83,0207,0,0,"[46.256038889658576, 4.6009866065366625]","[np.float64(46.23470201402048), np.float64(4.87862046771545)]",2025-11-21 10:15:50,202.37950515379532,1,4.299972652357903,21.48127343831832,1.7729012522609888,21.891384667294506,1,2,2,2,1447,3,0.07465277777777778,0.9253472222222222,0.045283018867924525,ELECTRE-III,1
84,0207,0,0,"[45.66046005441181, 4.380575121359882]","[np.float64(46.23470201402048), np.float64(4.87862046771545)]",2025-11-21 10:16:00,202.37950515379532,1,4.299972652357903,74.56475760603115,6.132448913226241,21.90017341320902,0,2,2,2,1447,3,0.075,0.0,0.045283018867924525,ELECTRE-III,1
85,0207,0,0,"[45.06461142669282, 4.163929204849893]","[np.float64(46.23470201402048), np.float64(4.87862046771545)]",2025-11-21 10:16:10,202.37950515379532,1,4.299972652357903,141.47035132008008,11.521756396836315,21.908941668556025,4,2,2,2,1447,3,0.07534722222222222,4.376736111111111,0.045283018867924525,ELECTRE-III,1
86,0207,0,0,"[44.468506666879954, 3.9508951777503727]","[np.float64(46.23470201402048), np.float64(4.87862046771545)]",2025-11-21 10:16:20,202.37950515379532,1,4.299972652357903,209.34109093680425,16.785633562908302,21.917691140882813,3,2,2,2,1447,3,0.07569444444444444,3.68125,0.045283018867924525,ELECTRE-III,1
87,0207,0,0,"[43.872159435351556, 3.7413291792019256]","[np.float64(46.23470201402048), np.float64(4.87862046771545)]",2025-11-21 10:16:30,202.37950515379532,1,4.299972652357903,277.4699357637082,21.7921520415475,21.92642012264209,0,2,2,2,1447,3,0.07604166666666666,0.0,0.045283018867924525,ELECTRE-III,1
88,0207,0,0,"[43.27557656229679, 3.5350918306568024]","[np.float64(46.23470201402048), np.float64(4.87862046771545)]",2025-11-21 10:16:40,202.37950515379532,1,4.299972652357903,345.7050018431063,26.479456599464093,21.93513032138115,0,2,2,2,1447,3,0.0763888888888889,0.3819444444444445,0.045283018867924525,ELECTRE-III,1
89,009,0,0,"[38.49551306789297, 1.990503033353187]","[np.float64(35.62987324961326), np.float64(0.1246188727070945)]",2025-11-21 10:18:00,656.4150458602288,1,3.28401708692009,359.0669007570222,27.35647881218285,30.65453444789379,0,4,4,3,1319,7,0.07916666666666666,0.0,0.39245283018867927,ELECTRE-III,1
90,0181,0,0,"[38.49551306789297, 1.990503033353187]","[np.float64(35.89748198130876), np.float64(4.560494933910888)]",2025-11-21 10:18:00,295.74236058329785,1,4.174575023469874,367.75924836061176,27.919673904622478,31.732768600839517,1,3,3,3,708,10,0.07916666666666666,0.8416666666666667,0.6339622641509434,ELECTRE-III,1
91,009,0,0,"[37.897198741883614, 1.808994598141506]","[np.float64(35.62987324961326), np.float64(0.1246188727070945)]",2025-11-21 10:18:10,656.4150458602288,1,3.28401708692009,293.37160722480695,22.91502783646729,30.66824605265259,3,4,4,3,1319,7,0.07951388888888888,2.363888888888889,0.39245283018867927,ELECTRE-III,1
92,0181,0,0,"[37.897198741883614, 1.808994598141506]","[np.float64(35.89748198130876), np.float64(4.560494933910888)]",2025-11-21 10:18:10,295.74236058329785,1,4.174575023469874,330.58823994079785,25.470885334564848,31.74387790352454,0,3,3,3,708,10,0.07951388888888888,0.3975694444444444,0.6339622641509434,ELECTRE-III,1
93,009,0,0,"[37.29873073661793, 1.6297431135636915]","[np.float64(35.62987324961326), np.float64(0.1246188727070945)]",2025-11-21 10:18:20,656.4150458602288,1,3.28401708692009,229.23455166748818,18.278862067460054,30.681937166843884,0,4,4,3,1319,7,0.0798611111111111,0.71875,0.39245283018867927,ELECTRE-III,1
94,0181,0,0,"[37.29873073661793, 1.6297431135636915]","[np.float64(35.89748198130876), np.float64(4.560494933910888)]",2025-11-21 10:18:20,295.74236058329785,1,4.174575023469874,304.49089308010406,23.689352483206413,31.754963300547473,2,3,3,3,708,10,0.0798611111111111,1.2013888888888888,0.6339622641509434,ELECTRE-III,1
95,009,0,0,"[36.7001124671905, 1.4526657635760567]","[np.float64(35.62987324961326), np.float64(0.1246188727070945)]",2025-11-21 10:18:30,656.4150458602288,1,3.28401708692009,168.44621988258564,13.642884988503104,30.69560437537308,2,4,4,3,1319,7,0.08020833333333334,2.721875,0.39245283018867927,ELECTRE-III,1
96,0181,0,0,"[36.7001124671905, 1.4526657635760567]","[np.float64(35.89748198130876), np.float64(4.560494933910888)]",2025-11-21 10:18:30,295.74236058329785,1,4.174575023469874,292.44646194756757,22.850197478268328,31.766021376813722,0,3,3,3,708,10,0.08020833333333334,0.0,0.6339622641509434,ELECTRE-III,1
97,009,0,0,"[36.1013507637905, 1.2776831472294998]","[np.float64(35.62987324961326), np.float64(0.1246188727070945)]",2025-11-21 10:18:40,656.4150458602288,1,3.28401708692009,116.38032357182398,9.519638864894999,30.709247678240178,0,4,4,3,1319,7,0.08055555555555556,0.0,0.39245283018867927,ELECTRE-III,1
98,0181,0,0,"[36.1013507637905, 1.2776831472294998]","[np.float64(35.89748198130876), np.float64(4.560494933910888)]",2025-11-21 10:18:40,295.74236058329785,1,4.174575023469874,296.1741721661183,23.111041549567485,31.777058962512463,2,3,3,3,708,10,0.08055555555555556,2.725,0.6339622641509434,ELECTRE-III,1
99,009,0,0,"[35.50244904151252, 1.1047189585043877]","[np.float64(35.62987324961326), np.float64(0.1246188727070945)]",2025-11-21 10:18:50,656.4150458602288,1,3.28401708692009,89.77580497179831,7.370846451603947,30.722867075445183,0,4,4,3,1319,7,0.08090277777777778,0.4045138888888889,0.39245283018867927,ELECTRE-III,1
100,0181,0,0,"[35.50244904151252, 1.1047189585043877]","[np.float64(35.89748198130876), np.float64(4.560494933910888)]",2025-11-21 10:18:50,295.74236058329785,1,4.174575023469874,315.1145228409838,24.42068546436333,31.788069227454525,3,3,3,3,708,10,0.08090277777777778,2.352777777777778,0.6339622641509434,ELECTRE-III,1
101,009,0,0,"[34.90341413054572, 0.9337003064756715]","[np.float64(35.62987324961326), np.float64(0.1246188727070945)]",2025-11-21 10:19:00,656.4150458602288,1,3.28401708692009,109.18145832784218,8.94060582249198,30.73646598208268,3,4,4,3,1319,7,0.08125,3.56875,0.39245283018867927,ELECTRE-III,1
102,0181,0,0,"[34.90341413054572, 0.9337003064756715]","[np.float64(35.89748198130876), np.float64(4.560494933910888)]",2025-11-21 10:19:00,295.74236058329785,1,4.174575023469874,346.7835621483807,26.55075432133429,31.79905558673449,0,3,3,3,708,10,0.08125,0.0,0.6339622641509434,ELECTRE-III,1
103,009,0,0,"[34.30425627617386, 0.7645569149000939]","[np.float64(35.62987324961326), np.float64(0.1246188727070945)]",2025-11-21 10:19:10,656.4150458602288,1,3.28401708692009,158.5161025618605,12.866176981787506,30.75004098305808,0,4,4,3,1319,7,0.08159722222222222,0.0,0.39245283018867927,ELECTRE-III,1
104,0181,0,0,"[34.30425627617386, 0.7645569149000939]","[np.float64(35.89748198130876), np.float64(4.560494933910888)]",2025-11-21 10:19:10,295.74236058329785,1,4.174575023469874,388.07702101501155,29.21343129985071,31.810014625257775,3,3,3,3,708,10,0.08159722222222222,2.4288194444444446,0.6339622641509434,ELECTRE-III,1
105,009,0,0,"[33.70497206330236, 0.5972214957421599]","[np.float64(35.62987324961326), np.float64(0.1246188727070945)]",2025-11-21 10:19:20,656.4150458602288,1,3.28401708692009,218.3588810042083,17.46556474081084,30.763592078371385,0,4,4,3,1319,7,0.08194444444444444,0.0,0.39245283018867927,ELECTRE-III,1
106,009,0,0,"[33.105571737214966, 0.431629322287313]","[np.float64(35.62987324961326), np.float64(0.1246188727070945)]",2025-11-21 10:19:30,656.4150458602288,1,3.28401708692009,282.1002586088357,22.120981047175427,30.77712268311718,0,4,4,3,1319,7,0.08229166666666667,0.246875,0.39245283018867927,ELECTRE-III,1
107,009,0,0,"[32.50605529791168, 0.26771820246150896]","[np.float64(35.62987324961326), np.float64(0.1246188727070945)]",2025-11-21 10:19:40,656.4150458602288,1,3.28401708692009,347.60305257668506,26.60486714980898,30.790625967106298,0,4,4,3,1319,7,0.08263888888888889,0.4131944444444444,0.39245283018867927,ELECTRE-III,1
108,0099,0,0,"[16.289642585548986, -3.699068237486118]","[np.float64(13.66832618040448), np.float64(-6.126414619072909)]",2025-11-21 10:24:10,263.0790242714337,1,2.829264232168089,391.06032165160514,29.40071553214688,47.38551653685232,0,3,3,3,655,6,0.0920138888888889,0.0,0.26037735849056604,ELECTRE-III,1
109,0099,0,0,"[15.688326391399404, -3.8341433391727597]","[np.float64(13.66832618040448), np.float64(-6.126414619072909)]",2025-11-21 10:24:20,263.0790242714337,1,2.829264232168089,333.52729959934766,25.66832901210171,47.410586746200856,1,3,3,3,655,6,0.09236111111111112,0.26111111111111107,0.26037735849056604,ELECTRE-III,1
110,0099,0,0,"[15.086984584040433, -3.9686681837443922]","[np.float64(13.66832618040448), np.float64(-6.126414619072909)]",2025-11-21 10:24:30,263.0790242714337,1,2.829264232168089,280.8878147085071,22.035024746742465,47.435629634792704,0,3,3,3,655,6,0.09270833333333334,0.0,0.26037735849056604,ELECTRE-III,1
111,0099,0,0,"[14.485615455924783, -4.102666676863111]","[np.float64(13.66832618040448), np.float64(-6.126414619072909)]",2025-11-21 10:24:40,263.0790242714337,1,2.829264232168089,236.4335202804253,18.81306828410791,47.460652032817045,0,3,3,3,655,6,0.09305555555555556,0.2791666666666667,0.26037735849056604,ELECTRE-III,1
112,0099,0,0,"[13.884221568373391, -4.2361644317383025]","[np.float64(13.66832618040448), np.float64(-6.126414619072909)]",2025-11-21 10:24:50,263.0790242714337,1,2.829264232168089,205.54613741743236,16.498024469390515,47.485647110084706,0,3,3,3,655,6,0.09340277777777778,0.0,0.26037735849056604,ELECTRE-III,1
113,0099,0,0,"[13.282804628933551, -4.369184927145239]","[np.float64(13.66832618040448), np.float64(-6.126414619072909)]",2025-11-21 10:25:00,263.0790242714337,1,2.829264232168089,194.79071368027738,15.678276399827892,47.51061828169028,0,3,3,3,655,6,0.09375,0.0,0.26037735849056604,ELECTRE-III,1
114,0099,0,0,"[12.681368052699847, -4.501752495632839]","[np.float64(13.66832618040448), np.float64(-6.126414619072909)]",2025-11-21 10:25:10,263.0790242714337,1,2.829264232168089,207.32476342476764,16.63292909257868,47.535565547633745,0,3,3,3,655,6,0.09409722222222222,0.0,0.26037735849056604,ELECTRE-III,1
115,0099,0,0,"[12.07991183967228, -4.6338893353159065]","[np.float64(13.66832618040448), np.float64(-6.126414619072909)]",2025-11-21 10:25:20,263.0790242714337,1,2.829264232168089,239.5199934549526,19.041073572908072,47.56048549282054,0,3,3,3,655,6,0.09444444444444444,0.0,0.26037735849056604,ELECTRE-III,1
116,0099,0,0,"[11.478439404945432, -4.765618924969711]","[np.float64(13.66832618040448), np.float64(-6.126414619072909)]",2025-11-21 10:25:30,263.0790242714337,1,2.829264232168089,284.78459488828,22.310914454056125,47.58538153234524,0,3,3,3,655,6,0.09479166666666666,0.0,0.26037735849056604,ELECTRE-III,1
117,0099,0,0,"[10.876950748519308, -4.896963462709056]","[np.float64(13.66832618040448), np.float64(-6.126414619072909)]",2025-11-21 10:25:40,263.0790242714337,1,2.829264232168089,337.90686698452697,25.961335098403193,47.61025366620784,0,3,3,3,655,6,0.09513888888888888,0.5708333333333333,0.26037735849056604,ELECTRE-III,1
118,0099,0,0,"[10.275447577941195, -5.027945573535567]","[np.float64(13.66832618040448), np.float64(-6.126414619072909)]",2025-11-21 10:25:50,263.0790242714337,1,2.829264232168089,395.73510135893866,29.692804112014173,47.63510189440834,0,3,3,3,655,6,0.0954861111111111,0.0954861111111111,0.26037735849056604,ELECTRE-III,1
119,0084,1,0,"[7.869332442791198, -5.548674073215462]","[np.float64(4.798961880918575), np.float64(-3.705102394681378)]",2025-11-21 10:26:30,327.6497448203417,1,6.565556106410491,397.570641327858,29.807030335111715,56.07299806673162,0,2,2,2,887,9,0.096875,0.0,0.5584905660377358,ELECTRE-III,1
120,0084,1,0,"[7.2677857297571276, -5.67816165327421]","[np.float64(4.798961880918575), np.float64(-3.705102394681378)]",2025-11-21 10:26:40,327.6497448203417,1,6.565556106410491,350.6512964921924,26.805700522904917,56.10087889892361,0,2,2,2,887,9,0.09722222222222222,0.0,0.5584905660377358,ELECTRE-III,1
121,0084,1,0,"[6.66623389408118, -5.807412311146123]","[np.float64(4.798961880918575), np.float64(-3.705102394681378)]",2025-11-21 10:26:50,327.6497448203417,1,6.565556106410491,311.78101366729464,24.192103857143724,56.12873582545351,0,2,2,2,887,9,0.09756944444444444,0.5854166666666667,0.5584905660377358,ELECTRE-III,1
122,0084,1,0,"[6.064679923971116, -5.936446964285535]","[np.float64(4.798961880918575), np.float64(-3.705102394681378)]",2025-11-21 10:27:00,327.6497448203417,1,6.565556106410491,284.27941223994236,22.27520895816224,56.156565431226724,0,2,2,2,887,9,0.09791666666666667,0.0,0.5584905660377358,ELECTRE-III,1
122,0084,1,0,"[6.064679923971116, -5.936446964285535]","[np.float64(4.798961880918575), np.float64(-3.705102394681378)]",2025-11-21 10:27:00,327.6497448203417,1,6.565556106410491,284.27941223994236,22.27520895816224,56.156565431226724,0,2,2,2,887,9,0.09791666666666667,0.0,0.5584905660377358,ELECTRE-III,1
123,0084,1,0,"[5.463124673200583, -6.065284395712663]","[np.float64(4.798961880918575), np.float64(-3.705102394681378)]",2025-11-21 10:27:10,327.6497448203417,1,6.565556106410491,271.61995111651885,21.37454088241543,56.18437113133785,0,2,2,2,887,9,0.09826388888888889,0.884375,0.5584905660377358,ELECTRE-III,1
123,0084,1,0,"[5.463124673200583, -6.065284395712663]","[np.float64(4.798961880918575), np.float64(-3.705102394681378)]",2025-11-21 10:27:10,327.6497448203417,1,6.565556106410491,271.61995111651885,21.37454088241543,56.18437113133785,0,2,2,2,887,9,0.09826388888888889,0.884375,0.5584905660377358,ELECTRE-III,1
124,0084,1,0,"[4.861569849316873, -6.1939455228818385]","[np.float64(4.798961880918575), np.float64(-3.705102394681378)]",2025-11-21 10:27:20,327.6497448203417,1,6.565556106410491,275.85195039024325,21.676890489170745,56.2121460955977,0,2,2,2,887,9,0.09861111111111111,0.0,0.5584905660377358,ELECTRE-III,1
124,0084,1,0,"[4.861569849316873, -6.1939455228818385]","[np.float64(4.798961880918575), np.float64(-3.705102394681378)]",2025-11-21 10:27:20,327.6497448203417,1,6.565556106410491,275.85195039024325,21.676890489170745,56.2121460955977,0,2,2,2,887,9,0.09861111111111111,0.0,0.5584905660377358,ELECTRE-III,1
125,0084,1,0,"[4.260017159867279, -6.322449555700105]","[np.float64(4.798961880918575), np.float64(-3.705102394681378)]",2025-11-21 10:27:30,327.6497448203417,1,6.565556106410491,296.2506060003135,23.11637941024631,56.23989715419547,0,2,2,2,887,9,0.09895833333333333,0.6927083333333333,0.5584905660377358,ELECTRE-III,1
126,0084,1,0,"[3.658467458625447, -6.450815704074501]","[np.float64(4.798961880918575), np.float64(-3.705102394681378)]",2025-11-21 10:27:40,327.6497448203417,1,6.565556106410491,329.8282776656665,25.419725792896358,56.26762089203655,3,2,2,2,887,9,0.09930555555555555,2.9006944444444445,0.5584905660377358,ELECTRE-III,1
127,0084,1,0,"[3.0569228800254917, -6.579063604798892]","[np.float64(4.798961880918575), np.float64(-3.705102394681378)]",2025-11-21 10:27:50,327.6497448203417,1,6.565556106410491,373.0415931966185,28.259092453900916,56.295317309120954,0,2,2,2,887,9,0.09965277777777778,0.0,0.5584905660377358,ELECTRE-III,1
128,0056,0,0,"[-6.725052068118745, -33.36232196321033]","[np.float64(-9.495983297619347), np.float64(-35.69704458204912)]",2025-11-21 12:09:20,619.0228750297191,1,6.757501380624969,401.21818939999395,30.033245747441363,59.353196415630244,2,3,3,3,1453,11,0.3111111111111111,2.9333333333333336,0.8528301886792453,ELECTRE-III,1
129,0056,0,0,"[-7.326284592450994, -33.491549142306965]","[np.float64(-9.495983297619347), np.float64(-35.69704458204912)]",2025-11-21 12:09:30,619.0228750297191,1,6.757501380624969,342.13241969681116,26.242660981572012,59.39085124852453,2,3,3,3,1453,11,0.31145833333333334,4.180208333333333,0.8528301886792453,ELECTRE-III,1
130,0056,0,0,"[-7.927485527158333, -33.62101196292998]","[np.float64(-9.495983297619347), np.float64(-35.69704458204912)]",2025-11-21 12:09:40,619.0228750297191,1,6.757501380624969,287.19626728038435,22.4811157912586,59.42849925122963,0,3,3,3,1453,11,0.31180555555555556,0.0,0.8528301886792453,ELECTRE-III,1
131,0056,0,0,"[-8.528653164693468, -33.75072750055227]","[np.float64(-9.495983297619347), np.float64(-35.69704458204912)]",2025-11-21 12:09:50,619.0228750297191,1,6.757501380624969,239.28448738794862,19.02369811809626,59.46614725393474,4,3,3,3,1453,11,0.3121527777777778,1.1906249999999998,0.8528301886792453,ELECTRE-III,1
132,0056,0,0,"[-9.129786651282753, -33.88071624574137]","[np.float64(-9.495983297619347), np.float64(-35.69704458204912)]",2025-11-21 12:10:00,619.0228750297191,1,6.757501380624969,203.4212377114118,16.336608881404686,59.50378159626152,4,3,3,3,1453,11,0.3125,5.875,0.8528301886792453,ELECTRE-III,1
133,0056,0,0,"[-9.730884279378895, -34.01100551925395]","[np.float64(-9.495983297619347), np.float64(-35.69704458204912)]",2025-11-21 12:10:10,619.0228750297191,1,6.757501380624969,186.6824607734952,15.055886496499662,59.54141593858829,2,3,3,3,1453,11,0.3128472222222222,0.0,0.8528301886792453,ELECTRE-III,1
134,0056,0,0,"[-10.331944341434601, -34.141608981468345]","[np.float64(-9.495983297619347), np.float64(-35.69704458204912)]",2025-11-21 12:10:20,619.0228750297191,1,6.757501380624969,194.08066578444547,15.623922176022994,59.579043450725884,3,3,3,3,1453,11,0.31319444444444444,3.0,0.8528301886792453,ELECTRE-III,1
135,0056,0,0,"[-10.932965129902582, -34.27255395314125]","[np.float64(-9.495983297619347), np.float64(-35.69704458204912)]",2025-11-21 12:10:30,619.0228750297191,1,6.757501380624969,223.22707116990495,17.830534550476507,59.616664132674316,0,3,3,3,1453,11,0.31354166666666666,1.5677083333333333,0.8528301886792453,ELECTRE-III,1
136,0056,0,0,"[-11.53394493723554, -34.40385750974557]","[np.float64(-9.495983297619347), np.float64(-35.69704458204912)]",2025-11-21 12:10:40,619.0228750297191,1,6.757501380624969,267.0936383310937,21.04977674813143,59.65427798443358,1,3,3,3,1453,11,0.3138888888888889,0.6861111111111111,0.8528301886792453,ELECTRE-III,1
137,0056,0,0,"[-12.134882055886187, -34.535543556943416]","[np.float64(-9.495983297619347), np.float64(-35.69704458204912)]",2025-11-21 12:10:50,619.0228750297191,1,6.757501380624969,319.67594182130495,24.73212833908662,59.691885006003666,1,3,3,3,1453,11,0.3142361111111111,0.0,0.8528301886792453,ELECTRE-III,1
138,0056,0,0,"[-12.735775632080875, -34.66763258530229]","[np.float64(-9.495983297619347), np.float64(-35.69704458204912)]",2025-11-21 12:11:00,619.0228750297191,1,6.757501380624969,377.3472122942842,28.534162468334543,59.729485197384584,0,3,3,3,1453,11,0.3145833333333333,0.6291666666666667,0.8528301886792453,ELECTRE-III,1
139,0120,0,0,"[-3.8776204814476527, -57.45056526005315]","[np.float64(-6.544349846000468), np.float64(-59.90760943238583)]",2025-11-21 13:47:20,456.7769154189408,1,2.734519996378137,402.42170439707235,30.107660371916115,58.31741871856532,4,3,3,3,1427,12,0.5152777777777777,1.938888888888889,0.9584905660377359,ELECTRE-III,1
140,0120,0,0,"[-4.478981498713663, -57.57895232588188]","[np.float64(-6.544349846000468), np.float64(-59.90760943238583)]",2025-11-21 13:47:30,456.7769154189408,1,2.734519996378137,345.2022664667966,26.44619327066849,58.35390558911153,3,3,3,3,1427,12,0.515625,0.0,0.9584905660377359,ELECTRE-III,1
141,0097,1,0,"[-5.080318183430756, -57.707475995494015]","[np.float64(-7.200831996576626), np.float64(-60.44463174082212)]",2025-11-21 13:47:40,630.6194578280806,1,5.07042872421751,383.6147281125822,28.932017078412343,58.22072373048545,0,1,1,1,723,6,0.5159722222222223,0.0,0.26037735849056604,ELECTRE-III,1
142,0120,0,0,"[-5.080318183430756, -57.707475995494015]","[np.float64(-6.544349846000468), np.float64(-59.90760943238583)]",2025-11-21 13:47:40,456.7769154189408,1,2.734519996378137,292.80554835025066,22.87536812195238,58.3903787992794,2,3,3,3,1427,12,0.5159722222222223,3.5479166666666666,0.9584905660377359,ELECTRE-III,1
143,0097,1,0,"[-5.681628401164815, -57.83616358964622]","[np.float64(-7.200831996576626), np.float64(-60.44463174082212)]",2025-11-21 13:47:50,630.6194578280806,1,5.07042872421751,334.06732187449666,25.704536433497243,58.257565770868496,0,1,1,1,723,6,0.5163194444444444,2.0652777777777778,0.26037735849056604,ELECTRE-III,1
144,0120,0,0,"[-5.681628401164815, -57.83616358964622]","[np.float64(-6.544349846000468), np.float64(-59.90760943238583)]",2025-11-21 13:47:50,456.7769154189408,1,2.734519996378137,248.3021152129862,19.686398107690223,58.426845179258095,0,3,3,3,1427,12,0.5163194444444444,0.0,0.9584905660377359,ELECTRE-III,1
145,0097,1,0,"[-6.282911725029017, -57.96503559890602]","[np.float64(-7.200831996576626), np.float64(-60.44463174082212)]",2025-11-21 13:48:00,630.6194578280806,1,5.07042872421751,292.2144520688881,22.83392947622246,58.294400981062374,1,1,1,1,723,6,0.5166666666666667,5.133333333333334,0.26037735849056604,ELECTRE-III,1
146,0120,0,0,"[-6.282911725029017, -57.96503559890602]","[np.float64(-6.544349846000468), np.float64(-59.90760943238583)]",2025-11-21 13:48:00,456.7769154189408,1,2.734519996378137,216.61203615311774,17.33424402598281,58.46330472904762,3,3,3,3,1427,12,0.5166666666666667,6.1000000000000005,0.9584905660377359,ELECTRE-III,1
147,0097,1,0,"[-6.884166020589246, -58.09409885346258]","[np.float64(-7.200831996576626), np.float64(-60.44463174082212)]",2025-11-21 13:48:10,630.6194578280806,1,5.07042872421751,261.7741927267053,20.66628698374776,58.33122936106709,0,1,1,1,723,6,0.5170138888888889,0.0,0.26037735849056604,ELECTRE-III,1
147,0097,1,0,"[-6.884166020589246, -58.09409885346258]","[np.float64(-7.200831996576626), np.float64(-60.44463174082212)]",2025-11-21 13:48:10,630.6194578280806,1,5.07042872421751,261.7741927267053,20.66628698374776,58.33122936106709,0,1,1,1,723,6,0.5170138888888889,0.0,0.26037735849056604,ELECTRE-III,1
148,0120,0,0,"[-6.884166020589246, -58.09409885346258]","[np.float64(-6.544349846000468), np.float64(-59.90760943238583)]",2025-11-21 13:48:10,456.7769154189408,1,2.734519996378137,203.803467308932,16.365664269365105,58.49975744864798,0,3,3,3,1427,12,0.5170138888888889,2.0680555555555555,0.9584905660377359,ELECTRE-III,1
149,0097,1,0,"[-7.4853904340718564, -58.22338750426175]","[np.float64(-7.200831996576626), np.float64(-60.44463174082212)]",2025-11-21 13:48:20,630.6194578280806,1,5.07042872421751,247.00030734056466,19.591062442459034,58.36804408069345,0,1,1,1,723,6,0.5173611111111112,0.0,0.26037735849056604,ELECTRE-III,1
149,0097,1,0,"[-7.4853904340718564, -58.22338750426175]","[np.float64(-7.200831996576626), np.float64(-60.44463174082212)]",2025-11-21 13:48:20,630.6194578280806,1,5.07042872421751,247.00030734056466,19.591062442459034,58.36804408069345,0,1,1,1,723,6,0.5173611111111112,0.0,0.26037735849056604,ELECTRE-III,1
150,0120,0,0,"[-7.4853904340718564, -58.22338750426175]","[np.float64(-6.544349846000468), np.float64(-59.90760943238583)]",2025-11-21 13:48:20,456.7769154189408,1,2.734519996378137,213.30290386853886,17.0849618582958,58.536196507869995,0,3,3,3,1427,12,0.5173611111111112,0.0,0.9584905660377359,ELECTRE-III,1
151,0097,1,0,"[-8.086582831042733, -58.352915211681875]","[np.float64(-7.200831996576626), np.float64(-60.44463174082212)]",2025-11-21 13:48:30,630.6194578280806,1,5.07042872421751,250.6783378375778,19.86012411575037,58.40485880031982,2,1,1,1,723,6,0.5177083333333333,2.517708333333333,0.26037735849056604,ELECTRE-III,1
151,0097,1,0,"[-8.086582831042733, -58.352915211681875]","[np.float64(-7.200831996576626), np.float64(-60.44463174082212)]",2025-11-21 13:48:30,630.6194578280806,1,5.07042872421751,250.6783378375778,19.86012411575037,58.40485880031982,2,1,1,1,723,6,0.5177083333333333,2.517708333333333,0.26037735849056604,ELECTRE-III,1
152,0120,0,0,"[-8.086582831042733, -58.352915211681875]","[np.float64(-6.544349846000468), np.float64(-59.90760943238583)]",2025-11-21 13:48:30,456.7769154189408,1,2.734519996378137,242.50254241867395,19.260808390330965,58.57262873690285,0,3,3,3,1427,12,0.5177083333333333,0.0,0.9584905660377359,ELECTRE-III,1
153,0097,1,0,"[-8.68774107706776, -58.48270246629046]","[np.float64(-7.200831996576626), np.float64(-60.44463174082212)]",2025-11-21 13:48:40,630.6194578280806,1,5.07042872421751,272.06023759323807,21.406055174244138,58.44165985956785,0,1,1,1,723,6,0.5180555555555556,0.0,0.26037735849056604,ELECTRE-III,1
153,0097,1,0,"[-8.68774107706776, -58.48270246629046]","[np.float64(-7.200831996576626), np.float64(-60.44463174082212)]",2025-11-21 13:48:40,630.6194578280806,1,5.07042872421751,272.06023759323807,21.406055174244138,58.44165985956785,0,1,1,1,723,6,0.5180555555555556,0.0,0.26037735849056604,ELECTRE-III,1
154,0120,0,0,"[-8.68774107706776, -58.48270246629046]","[np.float64(-6.544349846000468), np.float64(-59.90760943238583)]",2025-11-21 13:48:40,456.7769154189408,1,2.734519996378137,285.41798610778613,22.355655735551903,58.609047305557354,0,3,3,3,1427,12,0.5180555555555556,2.0722222222222224,0.9584905660377359,ELECTRE-III,1
155,0097,1,0,"[-9.288865172146934, -58.61276975865501]","[np.float64(-7.200831996576626), np.float64(-60.44463174082212)]",2025-11-21 13:48:50,630.6194578280806,1,5.07042872421751,307.4739987061667,23.895550940913843,58.47845408862671,0,1,1,1,723,6,0.5184027777777778,0.0,0.26037735849056604,ELECTRE-III,1
156,0120,0,0,"[-9.288865172146934, -58.61276975865501]","[np.float64(-6.544349846000468), np.float64(-59.90760943238583)]",2025-11-21 13:48:50,456.7769154189408,1,2.734519996378137,336.8465023987822,25.890526594605706,58.645459044022694,0,3,3,3,1427,12,0.5184027777777778,2.592013888888889,0.9584905660377359,ELECTRE-III,1
157,0097,1,0,"[-9.889952554959322, -58.74313757934304]","[np.float64(-7.200831996576626), np.float64(-60.44463174082212)]",2025-11-21 13:49:00,630.6194578280806,1,5.07042872421751,352.71755766714034,26.94143298559274,58.5152414874964,0,1,1,1,723,6,0.51875,0.0,0.26037735849056604,ELECTRE-III,1
158,0120,0,0,"[-9.889952554959322, -58.74313757934304]","[np.float64(-6.544349846000468), np.float64(-59.90760943238583)]",2025-11-21 13:49:00,456.7769154189408,1,2.734519996378137,393.46330417522427,29.55106902012032,58.68186395229886,0,3,3,3,1427,12,0.51875,3.1125000000000003,0.9584905660377359,ELECTRE-III,1
159,0097,1,0,"[-10.491002371731273, -58.87382641892207]","[np.float64(-7.200831996576626), np.float64(-60.44463174082212)]",2025-11-21 13:49:10,630.6194578280806,1,5.07042872421751,404.5054618256511,30.236236700991228,58.552015225987745,2,1,1,1,723,6,0.5190972222222222,6.152777777777778,0.26037735849056604,ELECTRE-III,1
160,0055,1,0,"[-20.701389836507158, -61.16728099880729]","[np.float64(-21.4902902963777), np.float64(-64.83707616408573)]",2025-11-21 13:52:00,738.9748240893007,1,2.0653552069419545,390.67766147545194,29.376731498643238,58.87482362654089,4,2,2,2,891,12,0.525,0.8499999999999996,0.9584905660377359,ELECTRE-III,1
161,0055,1,0,"[-21.30145610603863, -61.307853122115326]","[np.float64(-21.4902902963777), np.float64(-64.83707616408573)]",2025-11-21 13:52:10,738.9748240893007,1,2.0653552069419545,365.98154971733726,27.804964913314286,58.913509817999845,4,2,2,2,891,12,0.5253472222222222,2.9493055555555556,0.9584905660377359,ELECTRE-III,1
162,0055,1,0,"[-21.901450658583816, -61.44923120774542]","[np.float64(-21.4902902963777), np.float64(-64.83707616408573)]",2025-11-21 13:52:20,738.9748240893007,1,2.0653552069419545,352.9903394323649,26.959327632157553,58.952189179269624,0,2,2,2,891,12,0.5256944444444445,0.0,0.9584905660377359,ELECTRE-III,1
163,0055,1,0,"[-22.50136837150084, -61.59144940664342]","[np.float64(-21.4902902963777), np.float64(-64.83707616408573)]",2025-11-21 13:52:30,738.9748240893007,1,2.0653552069419545,352.99779650841543,26.959816740989968,58.990875370728574,4,2,2,2,891,12,0.5260416666666666,0.0,0.9584905660377359,ELECTRE-III,1
164,0055,1,0,"[-23.101207537242406, -61.73454186975519]","[np.float64(-21.4902902963777), np.float64(-64.83707616408573)]",2025-11-21 13:52:40,738.9748240893007,1,2.0653552069419545,366.0022971731819,27.80630507795572,59.02956156218753,0,2,2,2,891,12,0.5263888888888889,2.6319444444444446,0.9584905660377359,ELECTRE-III,1
165,0055,1,0,"[-23.700966448261223, -61.87854274802657]","[np.float64(-21.4902902963777), np.float64(-64.83707616408573)]",2025-11-21 13:52:50,738.9748240893007,1,2.0653552069419545,390.7075454147683,29.3786049446607,59.06824092345731,3,2,2,2,891,12,0.5267361111111111,1.4197916666666668,0.9584905660377359,ELECTRE-III,1
166,0160,0,0,"[46.37877055885454, -69.44590057478045]","[np.float64(45.14600795418758), np.float64(-74.22434035818429)]",2025-11-21 15:12:10,890.2916008291153,2,7.485572037056226,395.1348820322471,29.65539580020804,21.643368545700298,0,3,3,3,1172,6,0.6920138888888889,0.0,0.26037735849056604,ELECTRE-III,1
167,0160,0,0,"[45.78324636512112, -69.66710991142966]","[np.float64(45.14600795418758), np.float64(-74.22434035818429)]",2025-11-21 15:12:20,890.2916008291153,2,7.485572037056226,362.3436428590271,27.56946642344804,21.654756178594003,1,3,3,3,1172,6,0.6923611111111111,0.0,0.26037735849056604,ELECTRE-III,1
168,0160,0,0,"[45.18744896382091, -69.88452166290034]","[np.float64(45.14600795418758), np.float64(-74.22434035818429)]",2025-11-21 15:12:30,890.2916008291153,2,7.485572037056226,340.22191385043567,26.11563231279016,21.666123320920196,0,3,3,3,1172,6,0.6927083333333334,0.0,0.26037735849056604,ELECTRE-III,1
169,0160,0,0,"[44.59139884552141, -70.09828609335422]","[np.float64(45.14600795418758), np.float64(-74.22434035818429)]",2025-11-21 15:12:40,890.2916008291153,2,7.485572037056226,330.91814642078083,25.493080619316597,21.677471680226173,4,3,3,3,1172,6,0.6930555555555555,7.465277777777778,0.26037735849056604,ELECTRE-III,1
170,0160,0,0,"[43.99509601022262, -70.30855346695307]","[np.float64(45.14600795418758), np.float64(-74.22434035818429)]",2025-11-21 15:12:50,890.2916008291153,2,7.485572037056226,335.5015713176177,25.800593108960463,21.68880125651193,0,3,3,3,1172,6,0.6934027777777778,0.0,0.26037735849056604,ELECTRE-III,1
171,0160,0,0,"[43.39856094849204, -70.51546721766944]","[np.float64(45.14600795418758), np.float64(-74.22434035818429)]",2025-11-21 15:13:00,890.2916008291153,2,7.485572037056226,353.43298473529836,26.98835333354074,21.70011034223018,0,3,3,3,1172,6,0.69375,2.08125,0.26037735849056604,ELECTRE-III,1
172,0160,0,0,"[42.80179366032969, -70.71915711909756]","[np.float64(45.14600795418758), np.float64(-74.22434035818429)]",2025-11-21 15:13:10,890.2916008291153,2,7.485572037056226,382.8432026187725,28.883205056694543,21.711402352475503,0,3,3,3,1172,6,0.6940972222222223,2.776388888888889,0.26037735849056604,ELECTRE-III,1
173,0235,0,0,"[42.20481122120848, -70.91974611464249]","[np.float64(40.31208734352321), np.float64(-74.64876167859748)]",2025-11-21 15:13:20,568.4645561859485,1,3.5844442237745024,376.04818918976105,28.45132312823964,26.033657049833582,0,4,4,3,1292,11,0.6944444444444444,2.083333333333333,0.8528301886792453,ELECTRE-III,1
174,008,0,0,"[41.60762046131759, -71.1173571477093]","[np.float64(38.89179125886753), np.float64(-73.82283052086814)]",2025-11-21 15:13:30,147.45181514929322,1,2.1234873577015243,379.31628435990547,28.659483191923897,27.600644171859788,0,3,3,3,704,13,0.6947916666666667,0.0,1.0,ELECTRE-III,1
175,0235,0,0,"[41.60762046131759, -71.1173571477093]","[np.float64(40.31208734352321), np.float64(-74.64876167859748)]",2025-11-21 15:13:30,568.4645561859485,1,3.5844442237745024,329.6388109876607,25.406964406341654,26.04647389981111,4,4,4,3,1292,11,0.6947916666666667,7.473958333333334,0.8528301886792453,ELECTRE-III,1
176,008,0,0,"[41.01022821084617, -71.31210633151387]","[np.float64(38.89179125886753), np.float64(-73.82283052086814)]",2025-11-21 15:13:40,147.45181514929322,1,2.1234873577015243,318.23387198629996,24.633834662358367,27.613430285986052,0,3,3,3,704,13,0.6951388888888889,0.0,1.0,ELECTRE-III,1
177,0235,0,0,"[41.01022821084617, -71.31210633151387]","[np.float64(40.31208734352321), np.float64(-74.64876167859748)]",2025-11-21 15:13:40,568.4645561859485,1,3.5844442237745024,291.9348957762651,22.81432246016215,26.05926855167384,0,4,4,3,1292,11,0.6951388888888889,0.0,0.8528301886792453,ELECTRE-III,1
178,008,0,0,"[40.41264129998342, -71.5041097792721]","[np.float64(38.89179125886753), np.float64(-73.82283052086814)]",2025-11-21 15:13:50,147.45181514929322,1,2.1234873577015243,260.7608548743488,20.593012088533598,27.62619420199751,0,3,3,3,704,13,0.6954861111111111,0.0,1.0,ELECTRE-III,1
179,0235,0,0,"[40.41264129998342, -71.5041097792721]","[np.float64(40.31208734352321), np.float64(-74.64876167859748)]",2025-11-21 15:13:50,568.4645561859485,1,3.5844442237745024,266.65616168565884,21.01831207640921,26.07204442051635,0,4,4,3,1292,11,0.6954861111111111,0.0,0.8528301886792453,ELECTRE-III,1
180,008,0,0,"[39.81487338910766, -71.6934562834432]","[np.float64(38.89179125886753), np.float64(-73.82283052086814)]",2025-11-21 15:14:00,147.45181514929322,1,2.1234873577015243,209.887011025269,16.82693614950709,27.638937627441464,0,3,3,3,704,13,0.6958333333333333,0.0,1.0,ELECTRE-III,1
181,0235,0,0,"[39.81487338910766, -71.6934562834432]","[np.float64(40.31208734352321), np.float64(-74.64876167859748)]",2025-11-21 15:14:00,568.4645561859485,1,3.5844442237745024,257.4914661193588,20.356121308001548,26.084798091244053,0,4,4,3,1292,11,0.6958333333333333,0.0,0.8528301886792453,ELECTRE-III,1
182,008,0,0,"[39.21692447821889, -71.88025512705387]","[np.float64(38.89179125886753), np.float64(-73.82283052086814)]",2025-11-21 15:14:10,147.45181514929322,1,2.1234873577015243,171.58635849112267,13.887452800373715,27.651658854770613,4,3,3,3,704,13,0.6961805555555556,9.569444444444445,1.0,ELECTRE-III,1
183,0235,0,0,"[39.21692447821889, -71.88025512705387]","[np.float64(40.31208734352321), np.float64(-74.64876167859748)]",2025-11-21 15:14:10,568.4645561859485,1,3.5844442237745024,266.11162307982846,20.979128620761944,26.09752956385696,4,4,4,3,1292,11,0.6961805555555556,0.0,0.8528301886792453,ELECTRE-III,1
184,008,0,0,"[38.61880822769546, -72.06460193275251]","[np.float64(38.89179125886753), np.float64(-73.82283052086814)]",2025-11-21 15:14:20,147.45181514929322,1,2.1234873577015243,155.4507041577495,12.625420549757203,27.66435788398496,2,3,3,3,704,13,0.6965277777777777,0.0,1.0,ELECTRE-III,1
185,0235,0,0,"[38.61880822769546, -72.06460193275251]","[np.float64(40.31208734352321), np.float64(-74.64876167859748)]",2025-11-21 15:14:20,568.4645561859485,1,3.5844442237745024,290.94116914448983,22.744580555862377,26.110242253449645,0,4,4,3,1292,11,0.6965277777777777,3.482638888888889,0.8528301886792453,ELECTRE-III,1
186,008,0,0,"[38.020528052631946, -72.24658549299834]","[np.float64(38.89179125886753), np.float64(-73.82283052086814)]",2025-11-21 15:14:30,147.45181514929322,1,2.1234873577015243,167.99492936128374,13.607694589090062,27.677036422631794,2,3,3,3,704,13,0.696875,5.484375,1.0,ELECTRE-III,1
187,0235,0,0,"[38.020528052631946, -72.24658549299834]","[np.float64(40.31208734352321), np.float64(-74.64876167859748)]",2025-11-21 15:14:30,568.4645561859485,1,3.5844442237745024,328.32430873302286,25.318352744737467,26.122932744927528,1,4,4,3,1292,11,0.696875,0.0,0.8528301886792453,ELECTRE-III,1
188,008,0,0,"[37.422087368122945, -72.42629460025054]","[np.float64(38.89179125886753), np.float64(-73.82283052086814)]",2025-11-21 15:14:40,147.45181514929322,1,2.1234873577015243,203.99674270691574,16.38035290985506,27.689692763163826,0,3,3,3,704,13,0.6972222222222222,6.2749999999999995,1.0,ELECTRE-III,1
189,0235,0,0,"[37.422087368122945, -72.42629460025054]","[np.float64(40.31208734352321), np.float64(-74.64876167859748)]",2025-11-21 15:14:40,568.4645561859485,1,3.5844442237745024,374.52176742427855,28.353816339147635,26.135604453385195,2,4,4,3,1292,11,0.6972222222222222,2.697222222222222,0.8528301886792453,ELECTRE-III,1
190,008,0,0,"[36.82349983454678, -72.60381804696834]","[np.float64(38.89179125886753), np.float64(-73.82283052086814)]",2025-11-21 15:14:50,147.45181514929322,1,2.1234873577015243,253.6578017349308,20.077416430056036,27.70232690558106,0,3,3,3,704,13,0.6975694444444445,0.0,1.0,ELECTRE-III,1
191,008,0,0,"[36.22476545190346, -72.77922413504344]","[np.float64(38.89179125886753), np.float64(-73.82283052086814)]",2025-11-21 15:15:00,147.45181514929322,1,2.1234873577015243,310.49333873526706,24.103586541827372,27.714938849883488,0,3,3,3,704,13,0.6979166666666666,0.0,1.0,ELECTRE-III,1
192,008,0,0,"[35.62589105038216, -72.95259482674587]","[np.float64(38.89179125886753), np.float64(-73.82283052086814)]",2025-11-21 15:15:10,147.45181514929322,1,2.1234873577015243,371.22306757528827,28.142484858766633,27.727530303618405,0,3,3,3,704,13,0.6982638888888889,0.0,1.0,ELECTRE-III,1
193,0222,0,0,"[23.02547098463072, -76.2323355529701]","[np.float64(19.68166244369), np.float64(-76.22386729724018)]",2025-11-21 15:18:40,459.39296582848357,1,3.1069336131276333,371.81610449638146,28.180539567823477,44.31078735366061,0,1,1,1,1256,9,0.7055555555555556,0.7055555555555556,0.5584905660377358,ELECTRE-III,1
194,0222,0,0,"[22.42461582825011, -76.3754894877844]","[np.float64(19.68166244369), np.float64(-76.22386729724018)]",2025-11-21 15:18:50,459.39296582848357,1,3.1069336131276333,305.4083912932495,23.752841529124932,44.33089543057712,0,1,1,1,1256,9,0.7059027777777778,0.0,0.5584905660377358,ELECTRE-III,1
195,0222,0,0,"[21.823707737903437, -76.51776232819577]","[np.float64(19.68166244369), np.float64(-76.22386729724018)]",2025-11-21 15:19:00,459.39296582848357,1,3.1069336131276333,240.1369799333803,19.086577108483553,44.350976186736965,0,1,1,1,1256,9,0.70625,0.0,0.5584905660377358,ELECTRE-III,1
196,0222,0,0,"[21.22275012868528, -76.65918822515005]","[np.float64(19.68166244369), np.float64(-76.22386729724018)]",2025-11-21 15:19:10,459.39296582848357,1,3.1069336131276333,177.26125349834203,14.328127007331078,44.37102620704553,4,1,1,1,1256,9,0.7065972222222222,4.0,0.5584905660377358,ELECTRE-III,1
197,0222,0,0,"[20.62174300059564, -76.79980815978227]","[np.float64(19.68166244369), np.float64(-76.22386729724018)]",2025-11-21 15:19:20,459.39296582848357,1,3.1069336131276333,120.58803395830456,9.857182729890765,44.39105232169201,0,1,1,1,1256,9,0.7069444444444445,5.655555555555556,0.5584905660377358,ELECTRE-III,1
198,0222,0,0,"[20.020691476276397, -76.93964945284911]","[np.float64(19.68166244369), np.float64(-76.22386729724018)]",2025-11-21 15:19:30,459.39296582848357,1,3.1069336131276333,83.81794755642917,6.886551214823171,44.411051115581806,0,1,1,1,1256,9,0.7072916666666667,0.0,0.5584905660377358,ELECTRE-III,1
199,0222,0,0,"[19.419595555727547, -77.07873942510726]","[np.float64(19.68166244369), np.float64(-76.22386729724018)]",2025-11-21 15:19:40,459.39296582848357,1,3.1069336131276333,94.1976658708673,7.729605856901754,44.43101917362034,1,1,1,1,1256,9,0.7076388888888889,5.245833333333334,0.5584905660377358,ELECTRE-III,1
200,0222,0,0,"[18.81846036159097, -77.21711222750254]","[np.float64(19.68166244369), np.float64(-76.22386729724018)]",2025-11-21 15:19:50,459.39296582848357,1,3.1069336131276333,141.720093870291,11.541550842583513,44.45095991090219,4,1,1,1,1256,9,0.7079861111111111,1.8760416666666666,0.5584905660377358,ELECTRE-III,1
201,0222,0,0,"[18.217285893866663, -77.35478835060249]","[np.float64(19.68166244369), np.float64(-76.22386729724018)]",2025-11-21 15:20:00,459.39296582848357,1,3.1069336131276333,201.64121569928133,16.20118592183875,44.47087674252195,4,1,1,1,1256,9,0.7083333333333334,3.2916666666666665,0.5584905660377358,ELECTRE-III,1
202,0222,0,0,"[17.616073860101924, -77.49180877554211]","[np.float64(19.68166244369), np.float64(-76.22386729724018)]",2025-11-21 15:20:10,459.39296582848357,1,3.1069336131276333,265.7010916139672,20.949574344462256,44.49076283829044,4,1,1,1,1256,9,0.7086805555555555,0.0,0.5584905660377358,ELECTRE-III,1
203,0222,0,0,"[17.014827675391334, -77.62818716269976]","[np.float64(19.68166244369), np.float64(-76.22386729724018)]",2025-11-21 15:20:20,459.39296582848357,1,3.1069336131276333,331.50799884483655,25.53274398871736,44.510621613302256,0,1,1,1,1256,9,0.7090277777777778,0.0,0.5584905660377358,ELECTRE-III,1
204,0222,0,0,"[16.413549047282185, -77.76396449321044]","[np.float64(19.68166244369), np.float64(-76.22386729724018)]",2025-11-21 15:20:30,459.39296582848357,1,3.1069336131276333,398.1968699823806,29.845941183789357,44.5304496524628,1,1,1,1,1256,9,0.709375,0.0,0.5584905660377358,ELECTRE-III,1
205,0041,0,0,"[12.203852452351331, -78.6994955038271]","[np.float64(9.327999614295983), np.float64(-79.79432138199263)]",2025-11-21 15:21:40,935.1816267556583,2,6.949321554091264,341.40835409097156,26.19455077465161,51.131171787119804,4,4,4,3,601,12,0.7118055555555556,8.98263888888889,0.9584905660377359,ELECTRE-III,1
206,0041,0,0,"[11.602382578945422, -78.83130449443]","[np.float64(9.327999614295983), np.float64(-79.79432138199263)]",2025-11-21 15:21:50,935.1816267556583,2,6.949321554091264,273.9439704127662,21.540733202106946,51.15797003432835,2,4,4,3,601,12,0.7121527777777777,0.0,0.9584905660377359,ELECTRE-III,1
207,0041,0,0,"[11.000897337613882, -78.96273099443938]","[np.float64(9.327999614295983), np.float64(-79.79432138199263)]",2025-11-21 15:22:00,935.1816267556583,2,6.949321554091264,207.08991151328823,16.615126960425822,51.18474096078022,3,4,4,3,601,12,0.7125,0.0,0.9584905660377359,ELECTRE-III,1
208,0041,0,0,"[10.399397582130355, -79.09378183404442]","[np.float64(9.327999614295983), np.float64(-79.79432138199263)]",2025-11-21 15:22:10,935.1816267556583,2,6.949321554091264,141.71299927559966,11.540988567753699,51.21149139666457,4,4,4,3,601,12,0.7128472222222222,0.0,0.9584905660377359,ELECTRE-III,1
209,0041,0,0,"[9.797885020042134, -79.22449116419095]","[np.float64(9.327999614295983), np.float64(-79.79432138199263)]",2025-11-21 15:22:20,935.1816267556583,2,6.949321554091264,81.44878903080877,6.693690830985485,51.23821451179224,3,4,4,3,601,12,0.7131944444444445,0.0,0.9584905660377359,ELECTRE-III,1
210,0041,0,0,"[9.19636221267016, -79.3548794754465]","[np.float64(9.327999614295983), np.float64(-79.79432138199263)]",2025-11-21 15:22:30,935.1816267556583,2,6.949321554091264,50.39908527324686,4.153594443522686,51.26491372125783,0,4,4,3,601,12,0.7135416666666666,0.0,0.9584905660377359,ELECTRE-III,1
211,0041,0,0,"[8.594829160014429, -79.48496042818938]","[np.float64(9.327999614295983), np.float64(-79.79432138199263)]",2025-11-21 15:22:40,935.1816267556583,2,6.949321554091264,88.32275035001187,7.252827202007577,51.291589025061306,0,4,4,3,601,12,0.7138888888888889,4.997222222222223,0.9584905660377359,ELECTRE-III,1
212,0041,0,0,"[7.993289277169529, -79.61476134317631]","[np.float64(9.327999614295983), np.float64(-79.79432138199263)]",2025-11-21 15:22:50,935.1816267556583,2,6.949321554091264,149.71999488523593,12.174118342165883,51.31823700810811,0,4,4,3,601,12,0.7142361111111111,0.0,0.9584905660377359,ELECTRE-III,1
213,0041,0,0,"[7.391743417909105, -79.74430271097476]","[np.float64(9.327999614295983), np.float64(-79.79432138199263)]",2025-11-21 15:23:00,935.1816267556583,2,6.949321554091264,215.37247119139042,17.240944369807462,51.34486108549282,2,4,4,3,601,12,0.7145833333333333,0.0,0.9584905660377359,ELECTRE-III,1
214,0041,0,0,"[6.790192862893626, -79.87359819196311]","[np.float64(9.327999614295983), np.float64(-79.79432138199263)]",2025-11-21 15:23:10,935.1816267556583,2,6.949321554091264,282.32655827314056,22.13701298899739,51.37146125721544,0,4,4,3,601,12,0.7149305555555555,1.429861111111111,0.9584905660377359,ELECTRE-III,1
215,0041,0,0,"[6.1886393196703855, -80.00267510689801]","[np.float64(9.327999614295983), np.float64(-79.79432138199263)]",2025-11-21 15:23:20,935.1816267556583,2,6.949321554091264,349.8352135313753,26.752002381199198,51.39803410818137,1,4,4,3,601,12,0.7152777777777778,0.0,0.9584905660377359,ELECTRE-III,1
216,0144,0,0,"[1.977808273007072, -80.90169875640095]","[np.float64(0.9817362435928193), np.float64(-77.43743689759033)]",2025-11-21 15:24:30,383.020093660393,1,4.247402825258243,400.687612206049,30.000404044339604,59.316600262057314,3,3,3,3,1312,11,0.7177083333333333,7.3062499999999995,0.8528301886792453,ELECTRE-III,1
217,0144,0,0,"[1.3762850387482735, -81.02971699201449]","[np.float64(0.9817362435928193), np.float64(-77.43743689759033)]",2025-11-21 15:24:40,383.020093660393,1,4.247402825258243,401.7610668133654,30.06682629647807,59.34627060381185,0,3,3,3,1312,11,0.7180555555555556,6.4625,0.8528301886792453,ELECTRE-III,1
218,0080,0,0,"[39.656624736227634, -96.44074111820596]","[np.float64(36.06777302094315), np.float64(-95.94175108393925)]",2025-11-21 16:52:50,657.9739705122594,1,5.347068950234675,401.457494567423,30.04805115717841,31.010008228152522,3,1,1,1,1471,7,0.9017361111111111,4.803472222222222,0.39245283018867927,ELECTRE-III,1
219,0080,0,0,"[39.05863142910926, -96.62688426365632]","[np.float64(36.06777302094315), np.float64(-95.94175108393925)]",2025-11-21 16:53:00,657.9739705122594,1,5.347068950234675,338.0037199679808,25.967798458048655,31.022111323361784,0,1,1,1,1471,7,0.9020833333333333,5.4125,0.39245283018867927,ELECTRE-III,1
220,0080,0,0,"[38.460470782356225, -96.81059586176215]","[np.float64(36.06777302094315), np.float64(-95.94175108393925)]",2025-11-21 16:53:10,657.9739705122594,1,5.347068950234675,276.93923787494646,21.75436672307179,31.034187097814367,0,1,1,1,1471,7,0.9024305555555555,0.9024305555555555,0.39245283018867927,ELECTRE-III,1
221,0080,0,0,"[37.862146211063106, -96.99197153517184]","[np.float64(36.06777302094315), np.float64(-95.94175108393925)]",2025-11-21 16:53:20,657.9739705122594,1,5.347068950234675,220.26035037293653,17.608294486041753,31.04624238169944,3,1,1,1,1471,7,0.9027777777777778,10.222222222222221,0.39245283018867927,ELECTRE-III,1
222,0080,0,0,"[37.263667960513665, -97.17109324615542]","[np.float64(36.06777302094315), np.float64(-95.94175108393925)]",2025-11-21 16:53:30,657.9739705122594,1,5.347068950234675,172.35032424088536,13.946876183657642,31.058273759922415,3,1,1,1,1471,7,0.903125,0.0,0.39245283018867927,ELECTRE-III,1
223,0080,0,0,"[36.665039445802485, -97.34804295698295]","[np.float64(36.06777302094315), np.float64(-95.94175108393925)]",2025-11-21 16:53:40,657.9739705122594,1,5.347068950234675,142.356394534312,11.591971023127158,31.070277817388714,0,1,1,1,1471,7,0.9034722222222222,7.227777777777778,0.39245283018867927,ELECTRE-III,1
224,0080,0,0,"[36.06626749711873, -97.52290262992445]","[np.float64(36.06777302094315), np.float64(-95.94175108393925)]",2025-11-21 16:53:50,657.9739705122594,1,5.347068950234675,142.11591352330623,11.572917550441565,31.082261384287502,4,1,1,1,1471,7,0.9038194444444444,7.615277777777777,0.39245283018867927,ELECTRE-III,1
225,0080,0,0,"[35.46735552955699, -97.69575422724995]","[np.float64(36.06777302094315), np.float64(-95.94175108393925)]",2025-11-21 16:54:00,657.9739705122594,1,5.347068950234675,171.75472595380387,13.900551513491878,31.094221045524193,0,1,1,1,1471,7,0.9041666666666667,0.0,0.39245283018867927,ELECTRE-III,1
226,0080,0,0,"[34.868313788401025, -97.86665922066202]","[np.float64(36.06777302094315), np.float64(-95.94175108393925)]",2025-11-21 16:54:10,657.9739705122594,1,5.347068950234675,219.48418551959404,17.55006047277216,31.10615680109879,0,1,1,1,1471,7,0.9045138888888888,0.9045138888888888,0.39245283018867927,ELECTRE-III,1
227,0213,0,0,"[34.868313788401025, -97.86665922066202]","[np.float64(31.75169061163032), np.float64(-98.0728980653454)]",2025-11-21 16:54:10,801.1573572851177,2,5.543188997619086,347.0824087238894,26.57049376820332,34.41726858618089,3,1,1,1,1391,4,0.9045138888888888,11.140625,0.1320754716981132,ELECTRE-III,1
228,0080,0,0,"[34.26914568874541, -98.03569957243066]","[np.float64(36.06777302094315), np.float64(-95.94175108393925)]",2025-11-21 16:54:20,657.9739705122594,1,5.347068950234675,276.0763767726795,21.69288914730291,31.118065235916706,0,1,1,1,1471,7,0.9048611111111111,0.0,0.39245283018867927,ELECTRE-III,1
229,0213,0,0,"[34.26914568874541, -98.03569957243066]","[np.float64(31.75169061163032), np.float64(-98.0728980653454)]",2025-11-21 16:54:20,801.1573572851177,2,5.543188997619086,279.9501088355881,21.968474337585292,34.43168711551879,0,1,1,1,1391,4,0.9048611111111111,4.524305555555555,0.1320754716981132,ELECTRE-III,1
230,0048,0,0,"[33.66985464568474, -98.20292992406925]","[np.float64(30.6291229233971), np.float64(-97.41965608906601)]",2025-11-21 16:54:30,896.0163636893441,2,6.464256090800006,346.05822639314846,26.50281609075072,35.69769341403192,3,4,4,3,1383,11,0.9052083333333333,0.0,0.8528301886792453,ELECTRE-III,1
231,0080,0,0,"[33.66985464568474, -98.20292992406925]","[np.float64(36.06777302094315), np.float64(-95.94175108393925)]",2025-11-21 16:54:30,657.9739705122594,1,5.347068950234675,337.0963115931954,25.907215890374236,31.129953180167114,0,1,1,1,1471,7,0.9052083333333333,0.0,0.39245283018867927,ELECTRE-III,1
232,0213,0,0,"[33.66985464568474, -98.20292992406925]","[np.float64(31.75169061163032), np.float64(-98.0728980653454)]",2025-11-21 16:54:30,801.1573572851177,2,5.543188997619086,213.63701975911493,17.110161789713757,34.44608173919459,4,1,1,1,1391,4,0.9052083333333333,0.3791666666666669,0.1320754716981132,ELECTRE-III,1
233,0048,0,0,"[33.070444074313585, -98.36841857746948]","[np.float64(30.6291229233971), np.float64(-97.41965608906601)]",2025-11-21 16:54:40,896.0163636893441,2,6.464256090800006,285.86710404390595,22.38736298135712,35.71201973581602,4,4,4,3,1383,11,0.9055555555555556,0.0,0.8528301886792453,ELECTRE-III,1
234,0071,0,0,"[33.070444074313585, -98.36841857746948]","[np.float64(32.26335503153177), np.float64(-102.2535479307044)]",2025-11-21 16:54:40,49.704124408816234,1,4.250646219909894,374.5568704495325,28.35606071262499,32.44489778408339,0,4,4,3,631,11,0.9055555555555556,0.0,0.8528301886792453,ELECTRE-III,1
235,0080,0,0,"[33.070444074313585, -98.36841857746948]","[np.float64(36.06777302094315), np.float64(-95.94175108393925)]",2025-11-21 16:54:40,657.9739705122594,1,5.347068950234675,400.52567060073636,29.990375839212003,31.141817218755428,0,1,1,1,1471,7,0.9055555555555556,3.6222222222222222,0.39245283018867927,ELECTRE-III,1
236,0213,0,0,"[33.070444074313585, -98.36841857746948]","[np.float64(31.75169061163032), np.float64(-98.0728980653454)]",2025-11-21 16:54:40,801.1573572851177,2,5.543188997619086,149.23969628523366,12.136223516403913,34.4604524572083,3,1,1,1,1391,4,0.9055555555555556,2.0944444444444446,0.1320754716981132,ELECTRE-III,1
237,0048,0,0,"[32.470924219915716, -98.53223383452307]","[np.float64(30.6291229233971), np.float64(-97.41965608906601)]",2025-11-21 16:54:50,896.0163636893441,2,6.464256090800006,230.33738682636846,18.36091529299172,35.72631873684344,4,4,4,3,1383,11,0.9059027777777777,4.9059027777777775,0.8528301886792453,ELECTRE-III,1
238,0071,0,0,"[32.470924219915716, -98.53223383452307]","[np.float64(32.26335503153177), np.float64(-102.2535479307044)]",2025-11-21 16:54:50,49.704124408816234,1,4.250646219909894,350.24638861435784,26.779063991877532,32.46146440791525,0,4,4,3,631,11,0.9059027777777777,0.0,0.8528301886792453,ELECTRE-III,1
239,0213,0,0,"[32.470924219915716, -98.53223383452307]","[np.float64(31.75169061163032), np.float64(-98.0728980653454)]",2025-11-21 16:54:50,801.1573572851177,2,5.543188997619086,90.92631909583784,7.464248369330035,34.47479585446533,1,1,1,1,1391,4,0.9059027777777777,3.7177083333333334,0.1320754716981132,ELECTRE-III,1
240,0048,0,0,"[31.87129508249113, -98.69443033674337]","[np.float64(30.6291229233971), np.float64(-97.41965608906601)]",2025-11-21 16:55:00,896.0163636893441,2,6.464256090800006,183.74401841354788,14.82942223153488,35.740593832208766,2,4,4,3,1383,11,0.90625,1.09375,0.8528301886792453,ELECTRE-III,1
241,0071,0,0,"[31.87129508249113, -98.69443033674337]","[np.float64(32.26335503153177), np.float64(-102.2535479307044)]",2025-11-21 16:55:00,49.704124408816234,1,4.250646219909894,338.17888429855475,25.979486021449638,32.478007126085025,3,4,4,3,631,11,0.90625,9.34375,0.8528301886792453,ELECTRE-III,1
242,0213,0,0,"[31.87129508249113, -98.69443033674337]","[np.float64(31.75169061163032), np.float64(-98.0728980653454)]",2025-11-21 16:55:00,801.1573572851177,2,5.543188997619086,60.21681753103396,4.95900581941488,34.48911534606026,4,1,1,1,1391,4,0.90625,0.0,0.1320754716981132,ELECTRE-III,1
243,0048,0,0,"[31.271560077134403, -98.8550695558329]","[np.float64(30.6291229233971), np.float64(-97.41965608906601)]",2025-11-21 16:55:10,896.0163636893441,2,6.464256090800006,154.40132379347975,12.5428975117495,35.754841606817415,0,4,4,3,1383,11,0.9065972222222223,0.0,0.8528301886792453,ELECTRE-III,1
244,0071,0,0,"[31.271560077134403, -98.8550695558329]","[np.float64(32.26335503153177), np.float64(-102.2535479307044)]",2025-11-21 16:55:10,49.704124408816234,1,4.250646219909894,339.6627361069122,26.078400471447843,32.494529353687284,0,4,4,3,631,11,0.9065972222222223,7.252777777777778,0.8528301886792453,ELECTRE-III,1
245,0213,0,0,"[31.271560077134403, -98.8550695558329]","[np.float64(31.75169061163032), np.float64(-98.0728980653454)]",2025-11-21 16:55:10,801.1573572851177,2,5.543188997619086,91.36808384550186,7.50010148241241,34.503410931993095,2,1,1,1,1391,4,0.9065972222222223,6.532986111111112,0.1320754716981132,ELECTRE-III,1
246,0048,0,0,"[30.671726034034716, -99.01419930311586]","[np.float64(30.6291229233971), np.float64(-97.41965608906601)]",2025-11-21 16:55:20,896.0163636893441,2,6.464256090800006,152.60694806745886,12.401665751576129,35.769062060669384,0,4,4,3,1383,11,0.9069444444444444,8.1625,0.8528301886792453,ELECTRE-III,1
247,0071,0,0,"[30.671726034034716, -99.01419930311586]","[np.float64(32.26335503153177), np.float64(-102.2535479307044)]",2025-11-21 16:55:20,49.704124408816234,1,4.250646219909894,354.52958838425843,27.060196739009083,32.511024260532864,0,4,4,3,631,11,0.9069444444444444,0.0,0.8528301886792453,ELECTRE-III,1
248,0213,0,0,"[30.671726034034716, -99.01419930311586]","[np.float64(31.75169061163032), np.float64(-98.0728980653454)]",2025-11-21 16:55:20,801.1573572851177,2,5.543188997619086,149.77916084129313,12.178785698380468,34.51768261226383,3,1,1,1,1391,4,0.9069444444444444,4.813888888888889,0.1320754716981132,ELECTRE-III,1
249,0048,0,0,"[30.071796368286645, -99.17188105029477]","[np.float64(30.6291229233971), np.float64(-97.41965608906601)]",2025-11-21 16:55:30,896.0163636893441,2,6.464256090800006,179.19076825081692,14.477569365567067,35.78325860885925,0,4,4,3,1383,11,0.9072916666666667,0.0,0.8528301886792453,ELECTRE-III,1
250,0071,0,0,"[30.071796368286645, -99.17188105029477]","[np.float64(32.26335503153177), np.float64(-102.2535479307044)]",2025-11-21 16:55:30,49.704124408816234,1,4.250646219909894,381.2172855159952,28.780187974163283,32.52750209190552,0,4,4,3,631,11,0.9072916666666667,7.258333333333334,0.8528301886792453,ELECTRE-III,1
251,0213,0,0,"[30.071796368286645, -99.17188105029477]","[np.float64(31.75169061163032), np.float64(-98.0728980653454)]",2025-11-21 16:55:30,801.1573572851177,2,5.543188997619086,214.2038063721476,17.152894775744205,34.5319269717779,0,1,1,1,1391,4,0.9072916666666667,0.0,0.1320754716981132,ELECTRE-III,1
252,0048,0,0,"[29.47177449498478, -99.32816260869383]","[np.float64(30.6291229233971), np.float64(-97.41965608906601)]",2025-11-21 16:55:40,896.0163636893441,2,6.464256090800006,224.27872342970235,17.90918232625336,35.79743125138703,4,4,4,3,1383,11,0.9076388888888889,11.261111111111111,0.8528301886792453,ELECTRE-III,1
253,0213,0,0,"[29.47177449498478, -99.32816260869383]","[np.float64(31.75169061163032), np.float64(-98.0728980653454)]",2025-11-21 16:55:40,801.1573572851177,2,5.543188997619086,280.52909578446446,22.009573298245357,34.54614742562986,1,1,1,1,1391,4,0.9076388888888889,0.0,0.1320754716981132,ELECTRE-III,1
254,0048,0,0,"[28.871663829223703, -99.48309178963723]","[np.float64(30.6291229233971), np.float64(-97.41965608906601)]",2025-11-21 16:55:50,896.0163636893441,2,6.464256090800006,279.04044704792665,21.90385460932489,35.81157657315813,0,4,4,3,1383,11,0.9079861111111112,8.171875,0.8528301886792453,ELECTRE-III,1
255,0213,0,0,"[28.871663829223703, -99.48309178963723]","[np.float64(31.75169061163032), np.float64(-98.0728980653454)]",2025-11-21 16:55:50,801.1573572851177,2,5.543188997619086,347.66899523419033,26.609219271278,34.56034055872515,2,1,1,1,1391,4,0.9079861111111112,0.18402777777777768,0.1320754716981132,ELECTRE-III,1
256,0048,0,0,"[28.271469493645295, -99.63671640444916]","[np.float64(30.6291229233971), np.float64(-97.41965608906601)]",2025-11-21 16:56:00,896.0163636893441,2,6.464256090800006,338.8170479683647,26.022046834042158,35.825694574172545,1,4,4,3,1383,11,0.9083333333333333,0.0,0.8528301886792453,ELECTRE-III,1
257,0048,0,0,"[27.67119319579685, -99.78909109464297]","[np.float64(30.6291229233971), np.float64(-97.41965608906601)]",2025-11-21 16:56:10,896.0163636893441,2,6.464256090800006,401.3745126783765,30.04291770789932,35.839788669524864,0,4,4,3,1383,11,0.9086805555555556,1.8173611111111112,0.8528301886792453,ELECTRE-III,1
